Name,College,Start Date,End Date,College Email,Duration,First Name,Last Name,Verification Status
Aaina Chauhan,IIT D,2023-03-30,2027-03-29,nakul86@iitd.in,1460 days,Aaina,Chauhan,True
Aarav Bansal,IIT D,2023-08-31,2027-08-30,hridaandugar@iitd.in,1460 days,Aarav,Bansal,True
Abram Ramaswamy,IIT D,2023-02-28,2027-02-27,ujhaveri@iitd.in,1460 days,Abram,Ramaswamy,True
Advik Basu,IIT D,2023-05-01,2027-04-30,mannatlata@iitd.in,1460 days,Advik,Basu,True
Advik Bhatia,IIT D,2023-04-10,2027-04-09,eshani94@iitd.in,1460 days,Advik,Bhatia,True
Advik Korpal,IIT D,2023-11-19,2027-11-18,farhan09@iitd.in,1460 days,Advik,Korpal,True
Advika Saxena,IIT D,2023-03-19,2027-03-18,masterzeeshan@iitd.in,1460 days,Advika,Saxena,True
Ahana  Sinha,IIT D,2023-04-26,2027-04-25,sara69@iitd.in,1460 days,Ahana,Sinha,True
Akarsh Baral,IIT D,2023-06-09,2027-06-08,isur@iitd.in,1460 days,Akarsh,Baral,True
Akarsh Gole,IIT D,2023-08-24,2027-08-23,shroffrhea@iitd.in,1460 days,Akarsh,Gole,True
Akarsh Kalla,IIT D,2023-06-16,2027-06-15,hridaan65@iitd.in,1460 days,Akarsh,Kalla,True
Alia Shenoy,IIT D,2022-12-22,2026-12-21,wbalan@iitd.in,1460 days,Alia,Shenoy,True
Alia Varkey,IIT D,2023-09-12,2027-09-11,psood@iitd.in,1460 days,Alia,Varkey,True
Alisha Krishnan,IIT D,2023-05-22,2027-05-21,nitya09@iitd.in,1460 days,Alisha,Krishnan,True
Alisha Ravel,IIT D,2023-05-11,2027-05-10,ritvikaggarwal@iitd.in,1460 days,Alisha,Ravel,True
Amani Sengupta,IIT D,2023-01-21,2027-01-20,indranil91@iitd.in,1460 days,Amani,Sengupta,True
Amira Gour,IIT D,2023-08-07,2027-08-06,shayakluthra@iitd.in,1460 days,Amira,Gour,True
Anahi Sandhu,IIT D,2023-10-06,2027-10-05,dasalisha@iitd.in,1460 days,Anahi,Sandhu,True
Anahita Balan,IIT D,2022-12-02,2026-12-01,adas@iitd.in,1460 days,Anahita,Balan,True
Anahita Tandon,IIT D,2023-05-02,2027-05-01,tataaarush@iitd.in,1460 days,Anahita,Tandon,True
Anay Lall,IIT D,2023-05-28,2027-05-27,parigoda@iitd.in,1460 days,Anay,Lall,True
Anay Lanka,IIT D,2023-01-20,2027-01-19,grewallagan@iitd.in,1460 days,Anay,Lanka,True
Anaya Chhabra,IIT D,2023-10-05,2027-10-04,ukapur@iitd.in,1460 days,Anaya,Chhabra,True
Anaya Iyengar,IIT D,2023-04-06,2027-04-05,sentara@iitd.in,1460 days,Anaya,Iyengar,True
Anvi Mander,IIT D,2023-04-18,2027-04-17,vkakar@iitd.in,1460 days,Anvi,Mander,True
Anvi Mane,IIT D,2022-12-14,2026-12-13,drishyabatra@iitd.in,1460 days,Anvi,Mane,True
Anya Sahni,IIT D,2023-07-28,2027-07-27,aliachander@iitd.in,1460 days,Anya,Sahni,True
Aradhya Gera,IIT D,2023-07-07,2027-07-06,gatikiyer@iitd.in,1460 days,Aradhya,Gera,True
Aradhya Hayer,IIT D,2023-04-01,2027-03-31,ishita88@iitd.in,1460 days,Aradhya,Hayer,True
Arnav Borde,IIT D,2023-08-11,2027-08-10,khushikale@iitd.in,1460 days,Arnav,Borde,True
Arnav Gulati,IIT D,2022-12-14,2026-12-13,boaseela@iitd.in,1460 days,Arnav,Gulati,True
Arnav Sawhney,IIT D,2023-04-04,2027-04-03,lgolla@iitd.in,1460 days,Arnav,Sawhney,True
Ayesha Taneja,IIT D,2023-04-26,2027-04-25,manikyagulati@iitd.in,1460 days,Ayesha,Taneja,True
Azad Trivedi,IIT D,2023-07-08,2027-07-07,comarindranil@iitd.in,1460 days,Azad,Trivedi,True
Bhavin Bajaj,IIT D,2023-01-14,2027-01-13,yogianahita@iitd.in,1460 days,Bhavin,Bajaj,True
Biju Rana,IIT D,2023-06-28,2027-06-27,hiran03@iitd.in,1460 days,Biju,Rana,True
Damini Kothari,IIT D,2023-09-01,2027-08-31,anika64@iitd.in,1460 days,Damini,Kothari,True
Damini Sarna,IIT D,2023-05-02,2027-05-01,nitaradara@iitd.in,1460 days,Damini,Sarna,True
Darshit Raman,IIT D,2023-01-29,2027-01-28,biju97@iitd.in,1460 days,Darshit,Raman,True
Darshit Vasa,IIT D,2023-06-28,2027-06-27,gandhitushar@iitd.in,1460 days,Darshit,Vasa,True
Dhanuk Date,IIT D,2023-05-21,2027-05-20,mray@iitd.in,1460 days,Dhanuk,Date,True
Dhanush Hora,IIT D,2023-11-06,2027-11-05,romil39@iitd.in,1460 days,Dhanush,Hora,True
Dhanush Raval,IIT D,2023-09-24,2027-09-23,nityabal@iitd.in,1460 days,Dhanush,Raval,True
Dhanush Vyas,IIT D,2023-01-13,2027-01-12,wmani@iitd.in,1460 days,Dhanush,Vyas,True
Dhruv Khosla,IIT D,2023-01-03,2027-01-02,bijuramanathan@iitd.in,1460 days,Dhruv,Khosla,True
Dishani Dhar,IIT D,2023-10-13,2027-10-12,subramaniamindrans@iitd.in,1460 days,Dishani,Dhar,True
Dishani Thaker,IIT D,2023-02-14,2027-02-13,evasha@iitd.in,1460 days,Dishani,Thaker,True
Divij Lal,IIT D,2023-01-03,2027-01-02,kabirkanda@iitd.in,1460 days,Divij,Lal,True
Divij Sarna,IIT D,2023-06-26,2027-06-25,chawlaneelofar@iitd.in,1460 days,Divij,Sarna,True
Divij Sem,IIT D,2023-05-18,2027-05-17,btak@iitd.in,1460 days,Divij,Sem,True
Divit Karan,IIT D,2023-06-02,2027-06-01,anyabassi@iitd.in,1460 days,Divit,Karan,True
Divit Walla,IIT D,2023-09-21,2027-09-20,ymadan@iitd.in,1460 days,Divit,Walla,True
Divyansh Tella,IIT D,2023-05-12,2027-05-11,hrishitakhurana@iitd.in,1460 days,Divyansh,Tella,True
Divyansh Wason,IIT D,2023-08-12,2027-08-11,aaryahikaran@iitd.in,1460 days,Divyansh,Wason,True
Diya Goyal,IIT D,2023-10-16,2027-10-15,reddydrishya@iitd.in,1460 days,Diya,Goyal,True
Drishya Loke,IIT D,2023-03-09,2027-03-08,ychopra@iitd.in,1460 days,Drishya,Loke,True
Ela Chacko,IIT D,2023-06-24,2027-06-23,raghavsuri@iitd.in,1460 days,Ela,Chacko,True
Ela Goda,IIT D,2022-12-11,2026-12-10,jayantbhatt@iitd.in,1460 days,Ela,Goda,True
Ela Ramakrishnan,IIT D,2023-03-11,2027-03-10,yyadav@iitd.in,1460 days,Ela,Ramakrishnan,True
Ela Rao,IIT D,2023-10-08,2027-10-07,bchana@iitd.in,1460 days,Ela,Rao,True
Elakshi Deshmukh,IIT D,2023-02-10,2027-02-09,hsridhar@iitd.in,1460 days,Elakshi,Deshmukh,True
Eshani Ramachandran,IIT D,2023-09-20,2027-09-19,tushar65@iitd.in,1460 days,Eshani,Ramachandran,True
Eshani Srinivas,IIT D,2023-10-16,2027-10-15,nityamall@iitd.in,1460 days,Eshani,Srinivas,True
Eva Loyal,IIT D,2023-11-16,2027-11-15,manikya18@iitd.in,1460 days,Eva,Loyal,True
Faiyaz Baria,IIT D,2023-01-18,2027-01-17,raunaksarma@iitd.in,1460 days,Faiyaz,Baria,True
Faiyaz Dubey,IIT D,2023-04-05,2027-04-04,nirvivarughese@iitd.in,1460 days,Faiyaz,Dubey,True
Fateh Dara,IIT D,2023-06-18,2027-06-17,vivaankala@iitd.in,1460 days,Fateh,Dara,True
Fateh Mahajan,IIT D,2023-09-20,2027-09-19,edwinvedika@iitd.in,1460 days,Fateh,Mahajan,True
Fateh Wali,IIT D,2023-06-14,2027-06-13,raoyasmin@iitd.in,1460 days,Fateh,Wali,True
Hansh Upadhyay,IIT D,2022-12-28,2026-12-27,zmanne@iitd.in,1460 days,Hansh,Upadhyay,True
Hansh Varkey,IIT D,2023-05-31,2027-05-30,trivedisamiha@iitd.in,1460 days,Hansh,Varkey,True
Hazel Tank,IIT D,2023-01-16,2027-01-15,varmalagan@iitd.in,1460 days,Hazel,Tank,True
Heer Barman,IIT D,2023-08-07,2027-08-06,amira76@iitd.in,1460 days,Heer,Barman,True
Heer Sankaran,IIT D,2023-10-17,2027-10-16,ramanathanzara@iitd.in,1460 days,Heer,Sankaran,True
Himmat Bhat,IIT D,2022-12-15,2026-12-14,kkrishna@iitd.in,1460 days,Himmat,Bhat,True
Himmat Char,IIT D,2023-04-05,2027-04-04,hiran62@iitd.in,1460 days,Himmat,Char,True
Himmat Rattan,IIT D,2023-03-20,2027-03-19,divanrohan@iitd.in,1460 days,Himmat,Rattan,True
Hiran Viswanathan,IIT D,2023-08-21,2027-08-20,xdhar@iitd.in,1460 days,Hiran,Viswanathan,True
Hrishita Tiwari,IIT D,2023-06-11,2027-06-10,tbassi@iitd.in,1460 days,Hrishita,Tiwari,True
Hunar Aggarwal,IIT D,2023-03-08,2027-03-07,samarsha@iitd.in,1460 days,Hunar,Aggarwal,True
Hunar Srinivas,IIT D,2023-09-28,2027-09-27,anviram@iitd.in,1460 days,Hunar,Srinivas,True
Inaaya  Jani,IIT D,2022-12-18,2026-12-17,mhegde@iitd.in,1460 days,Inaaya,Jani,True
Inaaya  Khalsa,IIT D,2023-06-03,2027-06-02,ivohra@iitd.in,1460 days,Inaaya,Khalsa,True
Indrajit Thaker,IIT D,2023-09-01,2027-08-31,uganesh@iitd.in,1460 days,Indrajit,Thaker,True
Ishaan Suresh,IIT D,2023-03-31,2027-03-30,hridaan82@iitd.in,1460 days,Ishaan,Suresh,True
Ishita Doshi,IIT D,2023-03-09,2027-03-08,gourdhruv@iitd.in,1460 days,Ishita,Doshi,True
Ishita Ganesh,IIT D,2023-02-08,2027-02-07,onkarjohal@iitd.in,1460 days,Ishita,Ganesh,True
Ivan Vasa,IIT D,2023-10-14,2027-10-13,deyshayak@iitd.in,1460 days,Ivan,Vasa,True
Jayan Date,IIT D,2023-02-04,2027-02-03,neelofarvarty@iitd.in,1460 days,Jayan,Date,True
Jayant Amble,IIT D,2022-12-12,2026-12-11,sairakhare@iitd.in,1460 days,Jayant,Amble,True
Jayant Keer,IIT D,2023-11-23,2027-11-22,aayush00@iitd.in,1460 days,Jayant,Keer,True
Jayant Rastogi,IIT D,2023-10-05,2027-10-04,oorja34@iitd.in,1460 days,Jayant,Rastogi,True
Jayant Shan,IIT D,2023-06-18,2027-06-17,shankermisha@iitd.in,1460 days,Jayant,Shan,True
Jhanvi Choudhry,IIT D,2023-06-24,2027-06-23,devansh29@iitd.in,1460 days,Jhanvi,Choudhry,True
Jivin Rajan,IIT D,2023-10-26,2027-10-25,vanyabatta@iitd.in,1460 days,Jivin,Rajan,True
Jiya Suri,IIT D,2023-09-22,2027-09-21,golaeva@iitd.in,1460 days,Jiya,Suri,True
Kaira Chandran,IIT D,2023-06-03,2027-06-02,devanshgarde@iitd.in,1460 days,Kaira,Chandran,True
Kavya Dhillon,IIT D,2023-01-20,2027-01-19,aaina55@iitd.in,1460 days,Kavya,Dhillon,True
Kavya Gade,IIT D,2022-12-01,2026-11-30,fateh97@iitd.in,1460 days,Kavya,Gade,True
Keya Das,IIT D,2023-06-09,2027-06-08,duttajivika@iitd.in,1460 days,Keya,Das,True
Keya Kala,IIT D,2022-12-15,2026-12-14,kimaya07@iitd.in,1460 days,Keya,Kala,True
Khushi Borde,IIT D,2023-07-17,2027-07-16,tarinichahal@iitd.in,1460 days,Khushi,Borde,True
Khushi Kata,IIT D,2022-12-08,2026-12-07,ide@iitd.in,1460 days,Khushi,Kata,True
Khushi Raman,IIT D,2023-09-05,2027-09-04,sairasama@iitd.in,1460 days,Khushi,Raman,True
Kiaan Bawa,IIT D,2023-03-17,2027-03-16,adahsastry@iitd.in,1460 days,Kiaan,Bawa,True
Kiaan Kapoor,IIT D,2023-09-28,2027-09-27,iramesh@iitd.in,1460 days,Kiaan,Kapoor,True
Kiara Bhalla,IIT D,2023-09-28,2027-09-27,hrishitakara@iitd.in,1460 days,Kiara,Bhalla,True
Kimaya Dani,IIT D,2023-05-05,2027-05-04,divankrish@iitd.in,1460 days,Kimaya,Dani,True
Krish Batta,IIT D,2023-04-15,2027-04-14,obali@iitd.in,1460 days,Krish,Batta,True
Lakshay Kala,IIT D,2023-05-13,2027-05-12,zachariahhimmat@iitd.in,1460 days,Lakshay,Kala,True
Lakshit Dara,IIT D,2023-02-20,2027-02-19,advikawali@iitd.in,1460 days,Lakshit,Dara,True
Lakshit Vala,IIT D,2023-06-10,2027-06-09,vanya42@iitd.in,1460 days,Lakshit,Vala,True
Madhav Karnik,IIT D,2023-04-02,2027-04-01,kabir86@iitd.in,1460 days,Madhav,Karnik,True
Mamooty Sodhi,IIT D,2023-01-23,2027-01-22,pranay21@iitd.in,1460 days,Mamooty,Sodhi,True
Manikya Barad,IIT D,2023-09-05,2027-09-04,zainachatterjee@iitd.in,1460 days,Manikya,Barad,True
Manikya Borde,IIT D,2023-06-23,2027-06-22,eshanisabharwal@iitd.in,1460 days,Manikya,Borde,True
Manjari Deo,IIT D,2023-09-18,2027-09-17,dalalmishti@iitd.in,1460 days,Manjari,Deo,True
Manjari Gour,IIT D,2023-09-01,2027-08-31,jhanvi99@iitd.in,1460 days,Manjari,Gour,True
Mehul Dewan,IIT D,2023-10-26,2027-10-25,kanav83@iitd.in,1460 days,Mehul,Dewan,True
Misha Chaudhry,IIT D,2023-01-15,2027-01-14,mishti16@iitd.in,1460 days,Misha,Chaudhry,True
Misha Madan,IIT D,2023-09-23,2027-09-22,seherratti@iitd.in,1460 days,Misha,Madan,True
Mohanlal Goswami,IIT D,2023-03-04,2027-03-03,keyabhatt@iitd.in,1460 days,Mohanlal,Goswami,True
Mohanlal Subramaniam,IIT D,2023-11-18,2027-11-17,kalitamadhav@iitd.in,1460 days,Mohanlal,Subramaniam,True
Myra Gokhale,IIT D,2023-02-12,2027-02-11,lsubramanian@iitd.in,1460 days,Myra,Gokhale,True
Myra Virk,IIT D,2023-02-19,2027-02-18,lavanya95@iitd.in,1460 days,Myra,Virk,True
Navya Chander,IIT D,2023-11-17,2027-11-16,jkade@iitd.in,1460 days,Navya,Chander,True
Nayantara Bhatti,IIT D,2023-06-10,2027-06-09,armaan52@iitd.in,1460 days,Nayantara,Bhatti,True
Nayantara Setty,IIT D,2023-10-16,2027-10-15,charriya@iitd.in,1460 days,Nayantara,Setty,True
Neelofar Dhar,IIT D,2023-07-22,2027-07-21,emannan@iitd.in,1460 days,Neelofar,Dhar,True
Nehmat Dey,IIT D,2023-02-08,2027-02-07,raurohan@iitd.in,1460 days,Nehmat,Dey,True
Nehmat Ganguly,IIT D,2023-09-10,2027-09-09,ktailor@iitd.in,1460 days,Nehmat,Ganguly,True
Neysa Deep,IIT D,2023-01-26,2027-01-25,eva58@iitd.in,1460 days,Neysa,Deep,True
Neysa Rau,IIT D,2022-12-01,2026-11-30,zoya73@iitd.in,1460 days,Neysa,Rau,True
Neysa Suri,IIT D,2023-11-19,2027-11-18,sswaminathan@iitd.in,1460 days,Neysa,Suri,True
Nirvi Anand,IIT D,2023-06-08,2027-06-07,aaryahi69@iitd.in,1460 days,Nirvi,Anand,True
Nirvi Balan,IIT D,2022-12-21,2026-12-20,heershenoy@iitd.in,1460 days,Nirvi,Balan,True
Nirvi Saxena,IIT D,2023-11-21,2027-11-20,aarushkadakia@iitd.in,1460 days,Nirvi,Saxena,True
Nirvi Sundaram,IIT D,2022-11-30,2026-11-29,kavyasawhney@iitd.in,1460 days,Nirvi,Sundaram,True
Nirvi Wason,IIT D,2023-09-29,2027-09-28,kiyer@iitd.in,1460 days,Nirvi,Wason,True
Nishith Magar,IIT D,2023-01-13,2027-01-12,srinivasayesha@iitd.in,1460 days,Nishith,Magar,True
Nitara Dugar,IIT D,2023-11-11,2027-11-10,samayakshit@iitd.in,1460 days,Nitara,Dugar,True
Nitara Konda,IIT D,2023-09-25,2027-09-24,mishtikrish@iitd.in,1460 days,Nitara,Konda,True
Onkar Kulkarni,IIT D,2023-02-28,2027-02-27,ssibal@iitd.in,1460 days,Onkar,Kulkarni,True
Pari Buch,IIT D,2023-08-06,2027-08-05,tarinibawa@iitd.in,1460 days,Pari,Buch,True
Pari Chaudry,IIT D,2023-02-28,2027-02-27,zsibal@iitd.in,1460 days,Pari,Chaudry,True
Parinaaz Krishna,IIT D,2023-02-05,2027-02-04,zainbhatti@iitd.in,1460 days,Parinaaz,Krishna,True
Parinaaz Sandhu,IIT D,2023-10-16,2027-10-15,somsamar@iitd.in,1460 days,Parinaaz,Sandhu,True
Parinaaz Srinivasan,IIT D,2023-05-22,2027-05-21,advikarora@iitd.in,1460 days,Parinaaz,Srinivasan,True
Piya Chand,IIT D,2023-08-22,2027-08-21,sidhuryan@iitd.in,1460 days,Piya,Chand,True
Piya Loyal,IIT D,2023-05-25,2027-05-24,ssaha@iitd.in,1460 days,Piya,Loyal,True
Piya Wason,IIT D,2023-06-30,2027-06-29,ivig@iitd.in,1460 days,Piya,Wason,True
Pranay Kari,IIT D,2023-06-01,2027-05-31,sursamarth@iitd.in,1460 days,Pranay,Kari,True
Pranay Sanghvi,IIT D,2023-02-17,2027-02-16,ishaanbehl@iitd.in,1460 days,Pranay,Sanghvi,True
Prisha Mander,IIT D,2023-08-11,2027-08-10,yhora@iitd.in,1460 days,Prisha,Mander,True
Prisha Zachariah,IIT D,2023-01-19,2027-01-18,sgandhi@iitd.in,1460 days,Prisha,Zachariah,True
Priyansh Mander,IIT D,2023-08-18,2027-08-17,vermasaksham@iitd.in,1460 days,Priyansh,Mander,True
Priyansh Salvi,IIT D,2023-08-23,2027-08-22,kairamadan@iitd.in,1460 days,Priyansh,Salvi,True
Purab Vaidya,IIT D,2023-07-24,2027-07-23,umangsaraf@iitd.in,1460 days,Purab,Vaidya,True
Raghav Loke,IIT D,2023-01-23,2027-01-22,romil45@iitd.in,1460 days,Raghav,Loke,True
Raghav Sant,IIT D,2023-03-03,2027-03-02,dharmajan08@iitd.in,1460 days,Raghav,Sant,True
Rania Lala,IIT D,2023-02-25,2027-02-24,kashvishere@iitd.in,1460 days,Rania,Lala,True
Rania Srinivas,IIT D,2023-03-06,2027-03-05,piya72@iitd.in,1460 days,Rania,Srinivas,True
Rati Dani,IIT D,2023-09-24,2027-09-23,ranataran@iitd.in,1460 days,Rati,Dani,True
Raunak Chander,IIT D,2023-03-16,2027-03-15,alisha18@iitd.in,1460 days,Raunak,Chander,True
Raunak Rama,IIT D,2023-06-03,2027-06-02,ivangara@iitd.in,1460 days,Raunak,Rama,True
Raunak Ravel,IIT D,2023-09-17,2027-09-16,bkapadia@iitd.in,1460 days,Raunak,Ravel,True
Renee Johal,IIT D,2023-08-21,2027-08-20,choudhuryrania@iitd.in,1460 days,Renee,Johal,True
Ritvik Biswas,IIT D,2023-10-07,2027-10-06,yashvi35@iitd.in,1460 days,Ritvik,Biswas,True
Ritvik Rajagopalan,IIT D,2023-11-20,2027-11-19,lyogi@iitd.in,1460 days,Ritvik,Rajagopalan,True
Rohan Sha,IIT D,2023-09-24,2027-09-23,mallzoya@iitd.in,1460 days,Rohan,Sha,True
Romil Kumar,IIT D,2022-12-08,2026-12-07,tchoudhry@iitd.in,1460 days,Romil,Kumar,True
Saanvi Ratta,IIT D,2023-02-10,2027-02-09,smanda@iitd.in,1460 days,Saanvi,Ratta,True
Sahil Badami,IIT D,2023-05-25,2027-05-24,shettydivij@iitd.in,1460 days,Sahil,Badami,True
Sahil Mahajan,IIT D,2023-08-08,2027-08-07,isaxena@iitd.in,1460 days,Sahil,Mahajan,True
Samaira Barad,IIT D,2023-01-28,2027-01-27,anneivana@iitd.in,1460 days,Samaira,Barad,True
Samar Das,IIT D,2023-03-17,2027-03-16,sanasrivastava@iitd.in,1460 days,Samar,Das,True
Samarth Sami,IIT D,2022-12-04,2026-12-03,miraangaba@iitd.in,1460 days,Samarth,Sami,True
Samiha Mangat,IIT D,2023-08-13,2027-08-12,gtripathi@iitd.in,1460 days,Samiha,Mangat,True
Seher Ahuja,IIT D,2023-08-08,2027-08-07,fdoshi@iitd.in,1460 days,Seher,Ahuja,True
Seher Lata,IIT D,2022-12-05,2026-12-04,bassirati@iitd.in,1460 days,Seher,Lata,True
Seher Shere,IIT D,2023-06-04,2027-06-03,walladrishya@iitd.in,1460 days,Seher,Shere,True
Seher Som,IIT D,2023-01-01,2026-12-31,jayantgarde@iitd.in,1460 days,Seher,Som,True
Shamik Tara,IIT D,2023-02-04,2027-02-03,tejasbhavsar@iitd.in,1460 days,Shamik,Tara,True
Shanaya Biswas,IIT D,2023-11-19,2027-11-18,samarthmand@iitd.in,1460 days,Shanaya,Biswas,True
Shayak Mangat,IIT D,2023-01-06,2027-01-05,keerkashvi@iitd.in,1460 days,Shayak,Mangat,True
Shayak Setty,IIT D,2023-02-14,2027-02-13,irabajaj@iitd.in,1460 days,Shayak,Setty,True
Shayak Sunder,IIT D,2023-01-24,2027-01-23,parinaazsahni@iitd.in,1460 days,Shayak,Sunder,True
Siya Mander,IIT D,2023-08-16,2027-08-15,uthkarshkari@iitd.in,1460 days,Siya,Mander,True
Stuvan Dhaliwal,IIT D,2023-03-20,2027-03-19,dishani48@iitd.in,1460 days,Stuvan,Dhaliwal,True
Suhana Bahl,IIT D,2023-06-27,2027-06-26,hsachdeva@iitd.in,1460 days,Suhana,Bahl,True
Sumer Bal,IIT D,2023-11-13,2027-11-12,dhanushiyengar@iitd.in,1460 days,Sumer,Bal,True
Taimur Bir,IIT D,2023-08-29,2027-08-28,tejasraman@iitd.in,1460 days,Taimur,Bir,True
Taimur Rattan,IIT D,2022-12-18,2026-12-17,zchaudhuri@iitd.in,1460 days,Taimur,Rattan,True
Tanya Loke,IIT D,2023-08-22,2027-08-21,salvipranay@iitd.in,1460 days,Tanya,Loke,True
Tanya Seshadri,IIT D,2023-04-19,2027-04-18,lakshit82@iitd.in,1460 days,Tanya,Seshadri,True
Tara Bobal,IIT D,2022-12-09,2026-12-08,qbuch@iitd.in,1460 days,Tara,Bobal,True
Taran Ganesh,IIT D,2023-08-30,2027-08-29,aradhyamander@iitd.in,1460 days,Taran,Ganesh,True
Taran Jayaraman,IIT D,2023-05-08,2027-05-07,tellatrisha@iitd.in,1460 days,Taran,Jayaraman,True
Taran Konda,IIT D,2023-08-16,2027-08-15,zararoy@iitd.in,1460 days,Taran,Konda,True
Tiya Bhat,IIT D,2023-06-28,2027-06-27,iramadan@iitd.in,1460 days,Tiya,Bhat,True
Trisha Kuruvilla,IIT D,2023-06-01,2027-05-31,vidurchopra@iitd.in,1460 days,Trisha,Kuruvilla,True
Tushar Baral,IIT D,2023-08-12,2027-08-11,vyasrohan@iitd.in,1460 days,Tushar,Baral,True
Umang Thakkar,IIT D,2023-07-21,2027-07-20,jivikachoudhury@iitd.in,1460 days,Umang,Thakkar,True
Urvi Vala,IIT D,2023-10-31,2027-10-30,indranilbasu@iitd.in,1460 days,Urvi,Vala,True
Uthkarsh Badami,IIT D,2023-08-04,2027-08-03,tarini87@iitd.in,1460 days,Uthkarsh,Badami,True
Uthkarsh Talwar,IIT D,2023-05-20,2027-05-19,boramyra@iitd.in,1460 days,Uthkarsh,Talwar,True
Vaibhav Karnik,IIT D,2023-09-15,2027-09-14,fateh66@iitd.in,1460 days,Vaibhav,Karnik,True
Veer Bhat,IIT D,2023-10-14,2027-10-13,bbhatti@iitd.in,1460 days,Veer,Bhat,True
Veer Keer,IIT D,2023-06-19,2027-06-18,hiranyohannan@iitd.in,1460 days,Veer,Keer,True
Vidur Barman,IIT D,2023-06-12,2027-06-11,sampathaaryahi@iitd.in,1460 days,Vidur,Barman,True
Vidur Brahmbhatt,IIT D,2023-04-29,2027-04-28,khushi31@iitd.in,1460 days,Vidur,Brahmbhatt,True
Vihaan Chakraborty,IIT D,2023-08-29,2027-08-28,maharajshray@iitd.in,1460 days,Vihaan,Chakraborty,True
Vihaan Chand,IIT D,2023-03-05,2027-03-04,eluthra@iitd.in,1460 days,Vihaan,Chand,True
Vihaan Mangal,IIT D,2023-03-22,2027-03-21,dhaliwaladvika@iitd.in,1460 days,Vihaan,Mangal,True
Vihaan Singhal,IIT D,2022-12-23,2026-12-22,yashvidey@iitd.in,1460 days,Vihaan,Singhal,True
Vivaan Gade,IIT D,2023-10-05,2027-10-04,nirvi45@iitd.in,1460 days,Vivaan,Gade,True
Vivaan Sehgal,IIT D,2023-05-27,2027-05-26,dhanukchoudhary@iitd.in,1460 days,Vivaan,Sehgal,True
Vritika Soni,IIT D,2022-12-07,2026-12-06,aradhyakurian@iitd.in,1460 days,Vritika,Soni,True
Yasmin Bhargava,IIT D,2023-04-16,2027-04-15,jivin59@iitd.in,1460 days,Yasmin,Bhargava,True
Yasmin Wagle,IIT D,2023-07-03,2027-07-02,bratti@iitd.in,1460 days,Yasmin,Wagle,True
Yuvaan Dhaliwal,IIT D,2023-05-27,2027-05-26,hiranchaudhary@iitd.in,1460 days,Yuvaan,Dhaliwal,True
Yuvaan Varkey,IIT D,2023-07-14,2027-07-13,msur@iitd.in,1460 days,Yuvaan,Varkey,True
Zaina Ganesan,IIT D,2023-04-24,2027-04-23,kabirreddy@iitd.in,1460 days,Zaina,Ganesan,True
Zaina Madan,IIT D,2023-07-13,2027-07-12,fatehbarad@iitd.in,1460 days,Zaina,Madan,True
Zeeshan Saraf,IIT D,2023-04-07,2027-04-06,arhaankakar@iitd.in,1460 days,Zeeshan,Saraf,True
Zeeshan Saxena,IIT D,2023-05-10,2027-05-09,wallahansh@iitd.in,1460 days,Zeeshan,Saxena,True
Aaina Handa,KIIT,2023-10-24,2027-10-23,bhatmamooty@kiit.in,1460 days,Aaina,Handa,True
Aaina Sama,KIIT,2023-03-26,2027-03-25,raghavkhanna@kiit.in,1460 days,Aaina,Sama,True
Aarna Bhandari,KIIT,2023-02-11,2027-02-10,udhillon@kiit.in,1460 days,Aarna,Bhandari,True
Aarna Rege,KIIT,2023-03-01,2027-02-28,arnavsur@kiit.in,1460 days,Aarna,Rege,True
Aarna Sethi,KIIT,2023-06-18,2027-06-17,balanheer@kiit.in,1460 days,Aarna,Sethi,True
Aarna Singh,KIIT,2023-03-06,2027-03-05,sulejivin@kiit.in,1460 days,Aarna,Singh,True
Aaryahi Agarwal,KIIT,2023-08-23,2027-08-22,yuvraj-79@kiit.in,1460 days,Aaryahi,Agarwal,True
Aaryahi Shankar,KIIT,2023-10-22,2027-10-21,siyajaggi@kiit.in,1460 days,Aaryahi,Shankar,True
Aayush Sura,KIIT,2023-05-05,2027-05-04,vtalwar@kiit.in,1460 days,Aayush,Sura,True
Abram Swamy,KIIT,2023-04-05,2027-04-04,qbumb@kiit.in,1460 days,Abram,Swamy,True
Adah Magar,KIIT,2023-11-24,2027-11-23,ahana-chandran@kiit.in,1460 days,Adah,Magar,True
Adah Sachar,KIIT,2023-04-02,2027-04-01,amani29@kiit.in,1460 days,Adah,Sachar,True
Adah Sampath,KIIT,2022-12-26,2026-12-25,ayesha22@kiit.in,1460 days,Adah,Sampath,True
Advika Sane,KIIT,2023-05-03,2027-05-02,jtrivedi@kiit.in,1460 days,Advika,Sane,True
Advika Walla,KIIT,2023-03-08,2027-03-07,jsuresh@kiit.in,1460 days,Advika,Walla,True
Ahana  Hayre,KIIT,2023-08-19,2027-08-18,rajantiya@kiit.in,1460 days,Ahana,Hayre,True
Akarsh Saraf,KIIT,2023-09-18,2027-09-17,aarna67@kiit.in,1460 days,Akarsh,Saraf,True
Akarsh Sura,KIIT,2023-01-10,2027-01-09,vchadha@kiit.in,1460 days,Akarsh,Sura,True
Alia De,KIIT,2023-06-30,2027-06-29,anvi96@kiit.in,1460 days,Alia,De,True
Alisha Andra,KIIT,2023-08-08,2027-08-07,tushar58@kiit.in,1460 days,Alisha,Andra,True
Amani Dubey,KIIT,2023-09-11,2027-09-10,mishtirege@kiit.in,1460 days,Amani,Dubey,True
Amani Kalla,KIIT,2022-12-06,2026-12-05,inaaya-mall@kiit.in,1460 days,Amani,Kalla,True
Amira Kari,KIIT,2023-05-23,2027-05-22,ishitavenkataraman@kiit.in,1460 days,Amira,Kari,True
Anahita Hari,KIIT,2022-11-30,2026-11-29,divitborah@kiit.in,1460 days,Anahita,Hari,True
Anay Chacko,KIIT,2023-04-18,2027-04-17,lavanyadass@kiit.in,1460 days,Anay,Chacko,True
Anaya Bhatti,KIIT,2023-04-29,2027-04-28,vaggarwal@kiit.in,1460 days,Anaya,Bhatti,True
Anika Ben,KIIT,2023-11-07,2027-11-06,kapoorfaiyaz@kiit.in,1460 days,Anika,Ben,True
Anika Garg,KIIT,2023-05-31,2027-05-30,bhaminilanka@kiit.in,1460 days,Anika,Garg,True
Aniruddh Ramakrishnan,KIIT,2023-10-23,2027-10-22,csarna@kiit.in,1460 days,Aniruddh,Ramakrishnan,True
Anvi Randhawa,KIIT,2023-06-18,2027-06-17,azadsampath@kiit.in,1460 days,Anvi,Randhawa,True
Anya Chaudhari,KIIT,2023-02-21,2027-02-20,ehsaan12@kiit.in,1460 days,Anya,Chaudhari,True
Anya Ganesan,KIIT,2023-11-05,2027-11-04,samarthkanda@kiit.in,1460 days,Anya,Ganesan,True
Anya Rege,KIIT,2023-08-15,2027-08-14,shanayagoswami@kiit.in,1460 days,Anya,Rege,True
Aradhya Subramanian,KIIT,2022-12-08,2026-12-07,esrinivas@kiit.in,1460 days,Aradhya,Subramanian,True
Arhaan Gole,KIIT,2023-08-16,2027-08-15,hmanda@kiit.in,1460 days,Arhaan,Gole,True
Arhaan Sur,KIIT,2023-06-01,2027-05-31,kashvisarma@kiit.in,1460 days,Arhaan,Sur,True
Ayesha Kari,KIIT,2023-08-20,2027-08-19,rbath@kiit.in,1460 days,Ayesha,Kari,True
Azad Vaidya,KIIT,2023-06-24,2027-06-23,pdubey@kiit.in,1460 days,Azad,Vaidya,True
Bhavin Kadakia,KIIT,2023-11-29,2027-11-28,balakrishnanyashvi@kiit.in,1460 days,Bhavin,Kadakia,True
Biju Bains,KIIT,2023-05-02,2027-05-01,doshireyansh@kiit.in,1460 days,Biju,Bains,True
Biju Dada,KIIT,2023-03-29,2027-03-28,myramall@kiit.in,1460 days,Biju,Dada,True
Biju Dalal,KIIT,2023-07-03,2027-07-02,anviverma@kiit.in,1460 days,Biju,Dalal,True
Biju Sheth,KIIT,2023-01-04,2027-01-03,goyalmadhav@kiit.in,1460 days,Biju,Sheth,True
Biju Tank,KIIT,2023-10-09,2027-10-08,raunakwali@kiit.in,1460 days,Biju,Tank,True
Chirag Arya,KIIT,2023-02-07,2027-02-06,raomohanlal@kiit.in,1460 days,Chirag,Arya,True
Chirag Bains,KIIT,2023-07-13,2027-07-12,pihudevan@kiit.in,1460 days,Chirag,Bains,True
Chirag Bhandari,KIIT,2023-06-24,2027-06-23,cheriantarini@kiit.in,1460 days,Chirag,Bhandari,True
Damini Barad,KIIT,2023-07-03,2027-07-02,eganesan@kiit.in,1460 days,Damini,Barad,True
Damini Bava,KIIT,2023-06-09,2027-06-08,mishtishankar@kiit.in,1460 days,Damini,Bava,True
Damini Srinivas,KIIT,2022-12-05,2026-12-04,kondarohan@kiit.in,1460 days,Damini,Srinivas,True
Darshit Lanka,KIIT,2023-06-28,2027-06-27,aniruddh75@kiit.in,1460 days,Darshit,Lanka,True
Devansh Dubey,KIIT,2023-08-15,2027-08-14,zborra@kiit.in,1460 days,Devansh,Dubey,True
Dhanuk Mani,KIIT,2023-01-10,2027-01-09,cheriannehmat@kiit.in,1460 days,Dhanuk,Mani,True
Dhanuk Shukla,KIIT,2023-05-06,2027-05-05,piyareddy@kiit.in,1460 days,Dhanuk,Shukla,True
Dhanush Tata,KIIT,2023-11-07,2027-11-06,bhamini09@kiit.in,1460 days,Dhanush,Tata,True
Dharmajan Agate,KIIT,2023-01-31,2027-01-30,ubatta@kiit.in,1460 days,Dharmajan,Agate,True
Dharmajan Trivedi,KIIT,2023-09-09,2027-09-08,bhatdevansh@kiit.in,1460 days,Dharmajan,Trivedi,True
Dhruv Bobal,KIIT,2023-05-31,2027-05-30,hiran02@kiit.in,1460 days,Dhruv,Bobal,True
Dhruv Chaudhuri,KIIT,2023-11-10,2027-11-09,navya41@kiit.in,1460 days,Dhruv,Chaudhuri,True
Dhruv Koshy,KIIT,2023-08-29,2027-08-28,mkrishnan@kiit.in,1460 days,Dhruv,Koshy,True
Dishani Mahajan,KIIT,2023-02-18,2027-02-17,baijukaul@kiit.in,1460 days,Dishani,Mahajan,True
Dishani Tara,KIIT,2023-06-20,2027-06-19,heerbarad@kiit.in,1460 days,Dishani,Tara,True
Diya Bal,KIIT,2023-10-23,2027-10-22,keya78@kiit.in,1460 days,Diya,Bal,True
Drishya Kade,KIIT,2023-09-13,2027-09-12,taragoswami@kiit.in,1460 days,Drishya,Kade,True
Ehsaan Ganesh,KIIT,2022-12-19,2026-12-18,korpalparinaaz@kiit.in,1460 days,Ehsaan,Ganesh,True
Ehsaan Khurana,KIIT,2023-06-20,2027-06-19,onkarkarpe@kiit.in,1460 days,Ehsaan,Khurana,True
Ehsaan Savant,KIIT,2023-01-03,2027-01-02,taimur23@kiit.in,1460 days,Ehsaan,Savant,True
Ela Dani,KIIT,2023-02-10,2027-02-09,mbaria@kiit.in,1460 days,Ela,Dani,True
Elakshi Dhawan,KIIT,2023-05-09,2027-05-08,fmanda@kiit.in,1460 days,Elakshi,Dhawan,True
Elakshi Dora,KIIT,2023-11-28,2027-11-27,draja@kiit.in,1460 days,Elakshi,Dora,True
Elakshi Dugar,KIIT,2022-12-18,2026-12-17,sarabrar@kiit.in,1460 days,Elakshi,Dugar,True
Eva Chad,KIIT,2023-08-10,2027-08-09,qbalay@kiit.in,1460 days,Eva,Chad,True
Faiyaz Jaggi,KIIT,2023-09-26,2027-09-25,samar67@kiit.in,1460 days,Faiyaz,Jaggi,True
Farhan Atwal,KIIT,2023-05-22,2027-05-21,nirvaan33@kiit.in,1460 days,Farhan,Atwal,True
Fateh Gupta,KIIT,2023-08-11,2027-08-10,gatik15@kiit.in,1460 days,Fateh,Gupta,True
Gokul Shankar,KIIT,2023-05-29,2027-05-28,varkeymanjari@kiit.in,1460 days,Gokul,Shankar,True
Hazel Setty,KIIT,2023-10-05,2027-10-04,hanshkhare@kiit.in,1460 days,Hazel,Setty,True
Heer Batta,KIIT,2023-07-13,2027-07-12,bhamini07@kiit.in,1460 days,Heer,Batta,True
Heer Doctor,KIIT,2023-02-22,2027-02-21,jainvivaan@kiit.in,1460 days,Heer,Doctor,True
Himmat Koshy,KIIT,2023-09-09,2027-09-08,priyansh92@kiit.in,1460 days,Himmat,Koshy,True
Himmat Tiwari,KIIT,2023-10-21,2027-10-20,prerak25@kiit.in,1460 days,Himmat,Tiwari,True
Hiran Cheema,KIIT,2023-07-06,2027-07-05,bravi@kiit.in,1460 days,Hiran,Cheema,True
Hiran Toor,KIIT,2023-01-16,2027-01-15,bansalvihaan@kiit.in,1460 days,Hiran,Toor,True
Hrishita Ray,KIIT,2023-01-13,2027-01-12,madaneva@kiit.in,1460 days,Hrishita,Ray,True
Hrishita Srinivasan,KIIT,2023-07-08,2027-07-07,gsabharwal@kiit.in,1460 days,Hrishita,Srinivasan,True
Inaaya  Dyal,KIIT,2023-02-03,2027-02-02,zoya08@kiit.in,1460 days,Inaaya,Dyal,True
Indrajit Gola,KIIT,2023-04-03,2027-04-02,elakshiamble@kiit.in,1460 days,Indrajit,Gola,True
Ishaan Thaman,KIIT,2023-10-22,2027-10-21,tarini25@kiit.in,1460 days,Ishaan,Thaman,True
Ivana Keer,KIIT,2023-02-23,2027-02-22,qchawla@kiit.in,1460 days,Ivana,Keer,True
Jayesh Tara,KIIT,2022-12-17,2026-12-16,manjari34@kiit.in,1460 days,Jayesh,Tara,True
Jhanvi Halder,KIIT,2023-04-29,2027-04-28,yohannandhanuk@kiit.in,1460 days,Jhanvi,Halder,True
Jhanvi Seth,KIIT,2023-03-03,2027-03-02,inaaya-krishna@kiit.in,1460 days,Jhanvi,Seth,True
Jivika Balakrishnan,KIIT,2023-03-10,2027-03-09,jayan97@kiit.in,1460 days,Jivika,Balakrishnan,True
Jivika Lad,KIIT,2023-05-27,2027-05-26,trishatoor@kiit.in,1460 days,Jivika,Lad,True
Jivika Sangha,KIIT,2023-06-30,2027-06-29,bhatttiya@kiit.in,1460 days,Jivika,Sangha,True
Jivin Bhatia,KIIT,2023-04-27,2027-04-26,rsachar@kiit.in,1460 days,Jivin,Bhatia,True
Jivin Ganesan,KIIT,2023-11-20,2027-11-19,nsandal@kiit.in,1460 days,Jivin,Ganesan,True
Jivin Som,KIIT,2022-12-22,2026-12-21,wshankar@kiit.in,1460 days,Jivin,Som,True
Jiya Banik,KIIT,2023-03-28,2027-03-27,kchaudhary@kiit.in,1460 days,Jiya,Banik,True
Kabir Chaudry,KIIT,2023-06-09,2027-06-08,suhanavarghese@kiit.in,1460 days,Kabir,Chaudry,True
Kabir Comar,KIIT,2023-02-01,2027-01-31,choudhrytaimur@kiit.in,1460 days,Kabir,Comar,True
Kanav Walla,KIIT,2022-12-26,2026-12-25,cheemapranay@kiit.in,1460 days,Kanav,Walla,True
Kartik Ratti,KIIT,2023-01-11,2027-01-10,kumerkabir@kiit.in,1460 days,Kartik,Ratti,True
Kartik Singhal,KIIT,2023-02-17,2027-02-16,raniasundaram@kiit.in,1460 days,Kartik,Singhal,True
Kashvi Setty,KIIT,2023-08-17,2027-08-16,tsethi@kiit.in,1460 days,Kashvi,Setty,True
Keya Deshpande,KIIT,2023-03-12,2027-03-11,dbhat@kiit.in,1460 days,Keya,Deshpande,True
Keya Srinivasan,KIIT,2023-02-15,2027-02-14,oorjaloke@kiit.in,1460 days,Keya,Srinivasan,True
Khushi Kale,KIIT,2023-01-17,2027-01-16,pyohannan@kiit.in,1460 days,Khushi,Kale,True
Kiaan Basu,KIIT,2023-10-14,2027-10-13,trishadeshpande@kiit.in,1460 days,Kiaan,Basu,True
Kiaan Dutt,KIIT,2023-11-25,2027-11-24,aarav36@kiit.in,1460 days,Kiaan,Dutt,True
Kiaan Sabharwal,KIIT,2023-06-04,2027-06-03,chatterjeemishti@kiit.in,1460 days,Kiaan,Sabharwal,True
Kiara Atwal,KIIT,2023-09-01,2027-08-31,alishabhagat@kiit.in,1460 days,Kiara,Atwal,True
Kiara Raj,KIIT,2023-02-12,2027-02-11,drishyakarnik@kiit.in,1460 days,Kiara,Raj,True
Kimaya Dhingra,KIIT,2023-03-17,2027-03-16,badal40@kiit.in,1460 days,Kimaya,Dhingra,True
Kismat Kapur,KIIT,2023-03-01,2027-02-28,tanya92@kiit.in,1460 days,Kismat,Kapur,True
Krish Dixit,KIIT,2023-09-19,2027-09-18,tkata@kiit.in,1460 days,Krish,Dixit,True
Krish Khare,KIIT,2023-03-12,2027-03-11,vasapranay@kiit.in,1460 days,Krish,Khare,True
Lakshay Roy,KIIT,2023-05-02,2027-05-01,sulefarhan@kiit.in,1460 days,Lakshay,Roy,True
Lakshit Dash,KIIT,2023-08-10,2027-08-09,eshani15@kiit.in,1460 days,Lakshit,Dash,True
Lavanya Agrawal,KIIT,2022-12-28,2026-12-27,lokeishita@kiit.in,1460 days,Lavanya,Agrawal,True
Madhav Das,KIIT,2023-08-23,2027-08-22,devifarhan@kiit.in,1460 days,Madhav,Das,True
Mamooty Dua,KIIT,2023-05-18,2027-05-17,ishaan45@kiit.in,1460 days,Mamooty,Dua,True
Manikya Chacko,KIIT,2023-04-03,2027-04-02,bhaktamannat@kiit.in,1460 days,Manikya,Chacko,True
Manikya Ganesh,KIIT,2023-08-06,2027-08-05,anahitabarad@kiit.in,1460 days,Manikya,Ganesh,True
Manjari Dhingra,KIIT,2023-10-12,2027-10-11,laltara@kiit.in,1460 days,Manjari,Dhingra,True
Manjari Trivedi,KIIT,2023-11-24,2027-11-23,ritvik28@kiit.in,1460 days,Manjari,Trivedi,True
Mehul Bains,KIIT,2023-05-05,2027-05-04,arhaan51@kiit.in,1460 days,Mehul,Bains,True
Miraya Ghosh,KIIT,2023-02-10,2027-02-09,swaminathanyakshit@kiit.in,1460 days,Miraya,Ghosh,True
Miraya Kulkarni,KIIT,2023-02-07,2027-02-06,anahimallick@kiit.in,1460 days,Miraya,Kulkarni,True
Miraya Mammen,KIIT,2022-12-29,2026-12-28,tarini86@kiit.in,1460 days,Miraya,Mammen,True
Misha Kala,KIIT,2023-04-08,2027-04-07,arnav16@kiit.in,1460 days,Misha,Kala,True
Misha Saha,KIIT,2023-11-22,2027-11-21,johaluthkarsh@kiit.in,1460 days,Misha,Saha,True
Misha Sura,KIIT,2023-11-15,2027-11-14,wsavant@kiit.in,1460 days,Misha,Sura,True
Mishti Ganesan,KIIT,2023-09-17,2027-09-16,armaangokhale@kiit.in,1460 days,Mishti,Ganesan,True
Mohanlal Bains,KIIT,2023-03-19,2027-03-18,yasminmandal@kiit.in,1460 days,Mohanlal,Bains,True
Nakul Bhagat,KIIT,2023-09-01,2027-08-31,xkurian@kiit.in,1460 days,Nakul,Bhagat,True
Neelofar Chadha,KIIT,2023-10-15,2027-10-14,xkade@kiit.in,1460 days,Neelofar,Chadha,True
Neelofar Chaudhary,KIIT,2023-02-16,2027-02-15,dchada@kiit.in,1460 days,Neelofar,Chaudhary,True
Nehmat Srinivasan,KIIT,2023-08-04,2027-08-03,kabir18@kiit.in,1460 days,Nehmat,Srinivasan,True
Neysa Korpal,KIIT,2023-05-23,2027-05-22,bassiyasmin@kiit.in,1460 days,Neysa,Korpal,True
Neysa Mahajan,KIIT,2023-03-14,2027-03-13,jiyagole@kiit.in,1460 days,Neysa,Mahajan,True
Neysa Sekhon,KIIT,2023-06-23,2027-06-22,zaraborde@kiit.in,1460 days,Neysa,Sekhon,True
Nirvaan Bora,KIIT,2023-11-06,2027-11-05,dkurian@kiit.in,1460 days,Nirvaan,Bora,True
Nishith Buch,KIIT,2023-03-02,2027-03-01,faiyaz60@kiit.in,1460 days,Nishith,Buch,True
Nitara Raju,KIIT,2023-10-22,2027-10-21,aarush57@kiit.in,1460 days,Nitara,Raju,True
Ojas Goda,KIIT,2023-02-26,2027-02-25,sarayogi@kiit.in,1460 days,Ojas,Goda,True
Onkar Setty,KIIT,2023-02-11,2027-02-10,devansh30@kiit.in,1460 days,Onkar,Setty,True
Oorja Bhattacharyya,KIIT,2023-07-03,2027-07-02,trishavaidya@kiit.in,1460 days,Oorja,Bhattacharyya,True
Pari Kurian,KIIT,2023-04-11,2027-04-10,krishhunar@kiit.in,1460 days,Pari,Kurian,True
Piya Sehgal,KIIT,2023-08-16,2027-08-15,kibenirvaan@kiit.in,1460 days,Piya,Sehgal,True
Pranay Bakshi,KIIT,2023-10-31,2027-10-30,dutttarini@kiit.in,1460 days,Pranay,Bakshi,True
Prisha Kashyap,KIIT,2023-01-28,2027-01-27,ramaanya@kiit.in,1460 days,Prisha,Kashyap,True
Rasha Bhatt,KIIT,2023-11-05,2027-11-04,tejasgoel@kiit.in,1460 days,Rasha,Bhatt,True
Rasha Dube,KIIT,2023-10-17,2027-10-16,gsarraf@kiit.in,1460 days,Rasha,Dube,True
Rasha Dutt,KIIT,2023-05-25,2027-05-24,ldeshmukh@kiit.in,1460 days,Rasha,Dutt,True
Rasha Yogi,KIIT,2023-05-04,2027-05-03,farhan42@kiit.in,1460 days,Rasha,Yogi,True
Rasha Zacharia,KIIT,2023-07-24,2027-07-23,usodhi@kiit.in,1460 days,Rasha,Zacharia,True
Rati Bhalla,KIIT,2023-09-01,2027-08-31,dugaradira@kiit.in,1460 days,Rati,Bhalla,True
Rati Yohannan,KIIT,2023-08-04,2027-08-03,gloke@kiit.in,1460 days,Rati,Yohannan,True
Raunak Khurana,KIIT,2023-02-19,2027-02-18,garginaaya@kiit.in,1460 days,Raunak,Khurana,True
Raunak Shan,KIIT,2023-04-09,2027-04-08,sampathfarhan@kiit.in,1460 days,Raunak,Shan,True
Raunak Shenoy,KIIT,2023-09-25,2027-09-24,chaudhrysamaira@kiit.in,1460 days,Raunak,Shenoy,True
Renee Dora,KIIT,2023-01-18,2027-01-17,sethnayantara@kiit.in,1460 days,Renee,Dora,True
Renee Varty,KIIT,2023-04-28,2027-04-27,aradhyadas@kiit.in,1460 days,Renee,Varty,True
Rhea Verma,KIIT,2023-02-13,2027-02-12,riaanbatta@kiit.in,1460 days,Rhea,Verma,True
Riaan Lad,KIIT,2022-12-19,2026-12-18,jayesh61@kiit.in,1460 days,Riaan,Lad,True
Riaan Rege,KIIT,2023-04-22,2027-04-21,urvidin@kiit.in,1460 days,Riaan,Rege,True
Riaan Tripathi,KIIT,2023-05-15,2027-05-14,alia85@kiit.in,1460 days,Riaan,Tripathi,True
Ritvik Chaudhari,KIIT,2023-07-14,2027-07-13,zain40@kiit.in,1460 days,Ritvik,Chaudhari,True
Ritvik Mangal,KIIT,2023-10-22,2027-10-21,ikhare@kiit.in,1460 days,Ritvik,Mangal,True
Riya Kapadia,KIIT,2022-12-25,2026-12-24,chakrabortyakarsh@kiit.in,1460 days,Riya,Kapadia,True
Riya Loke,KIIT,2023-04-25,2027-04-24,prishavarkey@kiit.in,1460 days,Riya,Loke,True
Rohan Deep,KIIT,2023-02-23,2027-02-22,dugarriaan@kiit.in,1460 days,Rohan,Deep,True
Rohan Kurian,KIIT,2023-02-02,2027-02-01,ykaur@kiit.in,1460 days,Rohan,Kurian,True
Romil Bhat,KIIT,2023-02-13,2027-02-12,kimaya90@kiit.in,1460 days,Romil,Bhat,True
Romil Kale,KIIT,2023-04-09,2027-04-08,guhanakul@kiit.in,1460 days,Romil,Kale,True
Sahil Ahluwalia,KIIT,2023-04-23,2027-04-22,sanasibal@kiit.in,1460 days,Sahil,Ahluwalia,True
Sahil Dutta,KIIT,2023-01-15,2027-01-14,advik48@kiit.in,1460 days,Sahil,Dutta,True
Sahil Gill,KIIT,2023-05-23,2027-05-22,dhruv13@kiit.in,1460 days,Sahil,Gill,True
Sahil Rajagopalan,KIIT,2023-04-14,2027-04-13,rohan58@kiit.in,1460 days,Sahil,Rajagopalan,True
Saksham Sura,KIIT,2022-12-01,2026-11-30,samaira11@kiit.in,1460 days,Saksham,Sura,True
Samaira Sura,KIIT,2023-04-12,2027-04-11,takivana@kiit.in,1460 days,Samaira,Sura,True
Samarth Sampath,KIIT,2023-09-24,2027-09-23,pchoudhry@kiit.in,1460 days,Samarth,Sampath,True
Samiha Kar,KIIT,2022-12-31,2026-12-30,oorja02@kiit.in,1460 days,Samiha,Kar,True
Sana Arya,KIIT,2023-11-25,2027-11-24,emir78@kiit.in,1460 days,Sana,Arya,True
Sana Bhavsar,KIIT,2023-10-16,2027-10-15,aaryahibose@kiit.in,1460 days,Sana,Bhavsar,True
Sana Swamy,KIIT,2023-11-17,2027-11-16,fatehbaria@kiit.in,1460 days,Sana,Swamy,True
Sara Sarin,KIIT,2023-07-26,2027-07-25,ahana-24@kiit.in,1460 days,Sara,Sarin,True
Seher Karnik,KIIT,2023-01-09,2027-01-08,samar21@kiit.in,1460 days,Seher,Karnik,True
Seher Savant,KIIT,2023-05-28,2027-05-27,baijukarnik@kiit.in,1460 days,Seher,Savant,True
Shaan Sahota,KIIT,2022-12-25,2026-12-24,keerbhavin@kiit.in,1460 days,Shaan,Sahota,True
Shalv Thaker,KIIT,2022-11-30,2026-11-29,laganbabu@kiit.in,1460 days,Shalv,Thaker,True
Shamik Bandi,KIIT,2023-03-12,2027-03-11,ikamdar@kiit.in,1460 days,Shamik,Bandi,True
Shamik Comar,KIIT,2023-05-20,2027-05-19,jaggiseher@kiit.in,1460 days,Shamik,Comar,True
Shamik Sule,KIIT,2023-11-12,2027-11-11,bansalhazel@kiit.in,1460 days,Shamik,Sule,True
Shanaya Shetty,KIIT,2023-11-04,2027-11-03,samarthrout@kiit.in,1460 days,Shanaya,Shetty,True
Shanaya Viswanathan,KIIT,2022-12-27,2026-12-26,mandanehmat@kiit.in,1460 days,Shanaya,Viswanathan,True
Shayak Rao,KIIT,2023-05-12,2027-05-11,lyogi@kiit.in,1460 days,Shayak,Rao,True
Shayak Sachdev,KIIT,2023-10-26,2027-10-25,ishaan95@kiit.in,1460 days,Shayak,Sachdev,True
Shlok Krishnamurthy,KIIT,2022-12-29,2026-12-28,usarma@kiit.in,1460 days,Shlok,Krishnamurthy,True
Shray Balakrishnan,KIIT,2023-02-09,2027-02-08,buchahana@kiit.in,1460 days,Shray,Balakrishnan,True
Siya Bassi,KIIT,2022-12-22,2026-12-21,yasmindin@kiit.in,1460 days,Siya,Bassi,True
Siya Maharaj,KIIT,2023-05-05,2027-05-04,basukavya@kiit.in,1460 days,Siya,Maharaj,True
Siya Ramaswamy,KIIT,2023-04-01,2027-03-31,zachariasana@kiit.in,1460 days,Siya,Ramaswamy,True
Stuvan Suri,KIIT,2023-08-15,2027-08-14,sarafarhaan@kiit.in,1460 days,Stuvan,Suri,True
Suhana Dhingra,KIIT,2023-08-24,2027-08-23,krishojas@kiit.in,1460 days,Suhana,Dhingra,True
Taimur Divan,KIIT,2023-08-07,2027-08-06,farhansekhon@kiit.in,1460 days,Taimur,Divan,True
Tanya Bhagat,KIIT,2022-12-24,2026-12-23,jkala@kiit.in,1460 days,Tanya,Bhagat,True
Tanya Deep,KIIT,2023-02-07,2027-02-06,rohankulkarni@kiit.in,1460 days,Tanya,Deep,True
Tara Lalla,KIIT,2023-01-04,2027-01-03,parinaaz46@kiit.in,1460 days,Tara,Lalla,True
Tara Rege,KIIT,2023-10-20,2027-10-19,wganesh@kiit.in,1460 days,Tara,Rege,True
Taran Thakur,KIIT,2023-09-13,2027-09-12,bsamra@kiit.in,1460 days,Taran,Thakur,True
Tarini Kapadia,KIIT,2023-04-25,2027-04-24,bhavinkumer@kiit.in,1460 days,Tarini,Kapadia,True
Tejas Savant,KIIT,2023-02-08,2027-02-07,azad52@kiit.in,1460 days,Tejas,Savant,True
Tiya Bava,KIIT,2023-06-30,2027-06-29,qroy@kiit.in,1460 days,Tiya,Bava,True
Tiya Chaudry,KIIT,2023-08-05,2027-08-04,yakshitsachar@kiit.in,1460 days,Tiya,Chaudry,True
Tiya Sodhi,KIIT,2023-04-25,2027-04-24,amirabarad@kiit.in,1460 days,Tiya,Sodhi,True
Trisha Sandhu,KIIT,2023-11-06,2027-11-05,fravi@kiit.in,1460 days,Trisha,Sandhu,True
Tushar Badal,KIIT,2023-02-11,2027-02-10,kkala@kiit.in,1460 days,Tushar,Badal,True
Tushar Balay,KIIT,2023-10-29,2027-10-28,aryazain@kiit.in,1460 days,Tushar,Balay,True
Tushar Loyal,KIIT,2023-08-09,2027-08-08,saradara@kiit.in,1460 days,Tushar,Loyal,True
Umang Ramanathan,KIIT,2023-04-29,2027-04-28,tejasdalal@kiit.in,1460 days,Umang,Ramanathan,True
Urvi Loke,KIIT,2023-08-14,2027-08-13,shayakshetty@kiit.in,1460 days,Urvi,Loke,True
Uthkarsh Baria,KIIT,2023-03-18,2027-03-17,vdey@kiit.in,1460 days,Uthkarsh,Baria,True
Vaibhav Balay,KIIT,2023-01-12,2027-01-11,ndin@kiit.in,1460 days,Vaibhav,Balay,True
Vaibhav Bali,KIIT,2023-10-29,2027-10-28,evasuresh@kiit.in,1460 days,Vaibhav,Bali,True
Vaibhav Dugal,KIIT,2023-03-21,2027-03-20,zravi@kiit.in,1460 days,Vaibhav,Dugal,True
Vaibhav Thaman,KIIT,2023-09-22,2027-09-21,kuruvillataimur@kiit.in,1460 days,Vaibhav,Thaman,True
Vanya Hegde,KIIT,2023-08-10,2027-08-09,bariasamaira@kiit.in,1460 days,Vanya,Hegde,True
Vanya Setty,KIIT,2023-10-11,2027-10-10,doshiemir@kiit.in,1460 days,Vanya,Setty,True
Vardaniya Baria,KIIT,2023-08-02,2027-08-01,madhavzacharia@kiit.in,1460 days,Vardaniya,Baria,True
Vardaniya Mander,KIIT,2023-04-29,2027-04-28,buchtaran@kiit.in,1460 days,Vardaniya,Mander,True
Vedika Kara,KIIT,2022-12-04,2026-12-03,thamandrishya@kiit.in,1460 days,Vedika,Kara,True
Veer Jani,KIIT,2023-05-15,2027-05-14,hunarchoudhary@kiit.in,1460 days,Veer,Jani,True
Vidur Roy,KIIT,2023-08-24,2027-08-23,sabharwalshanaya@kiit.in,1460 days,Vidur,Roy,True
Vivaan Dasgupta,KIIT,2023-08-14,2027-08-13,sroy@kiit.in,1460 days,Vivaan,Dasgupta,True
Yakshit Srivastava,KIIT,2023-11-20,2027-11-19,abram25@kiit.in,1460 days,Yakshit,Srivastava,True
Yashvi Vora,KIIT,2023-07-15,2027-07-14,gatik11@kiit.in,1460 days,Yashvi,Vora,True
Yasmin Kala,KIIT,2023-03-25,2027-03-24,tsaini@kiit.in,1460 days,Yasmin,Kala,True
Yuvaan Sahota,KIIT,2023-04-11,2027-04-10,lagarwal@kiit.in,1460 days,Yuvaan,Sahota,True
Yuvraj  Contractor,KIIT,2023-02-02,2027-02-01,dgera@kiit.in,1460 days,Yuvraj,Contractor,True
Yuvraj  Dugal,KIIT,2023-02-16,2027-02-15,vsarraf@kiit.in,1460 days,Yuvraj,Dugal,True
Zeeshan Bajaj,KIIT,2023-03-20,2027-03-19,ivana07@kiit.in,1460 days,Zeeshan,Bajaj,True
Zeeshan Mani,KIIT,2023-04-15,2027-04-14,dugalazad@kiit.in,1460 days,Zeeshan,Mani,True
Zoya Bedi,KIIT,2023-01-28,2027-01-27,ojasmanda@kiit.in,1460 days,Zoya,Bedi,True
Zoya Korpal,KIIT,2023-02-17,2027-02-16,anaya32@kiit.in,1460 days,Zoya,Korpal,True
Zoya Sarin,KIIT,2023-02-07,2027-02-06,myra59@kiit.in,1460 days,Zoya,Sarin,True
Aaina Dugal,MIT WPU,2023-08-02,2027-08-01,eseshadri@mitwpu.in,1460 days,Aaina,Dugal,True
Aarush Loke,MIT WPU,2023-01-18,2027-01-17,indrajitedwin@mitwpu.in,1460 days,Aarush,Loke,True
Aarush Thaker,MIT WPU,2022-12-09,2026-12-08,rsibal@mitwpu.in,1460 days,Aarush,Thaker,True
Aaryahi Chahal,MIT WPU,2022-12-02,2026-12-01,bkala@mitwpu.in,1460 days,Aaryahi,Chahal,True
Aayush Date,MIT WPU,2022-12-27,2026-12-26,riaan82@mitwpu.in,1460 days,Aayush,Date,True
Abram Deep,MIT WPU,2023-06-02,2027-06-01,miraya90@mitwpu.in,1460 days,Abram,Deep,True
Adah Setty,MIT WPU,2023-03-12,2027-03-11,yakshit60@mitwpu.in,1460 days,Adah,Setty,True
Adah Solanki,MIT WPU,2023-11-29,2027-11-28,mannat34@mitwpu.in,1460 days,Adah,Solanki,True
Adah Vaidya,MIT WPU,2023-09-30,2027-09-29,adah59@mitwpu.in,1460 days,Adah,Vaidya,True
Adira Bassi,MIT WPU,2023-09-14,2027-09-13,krout@mitwpu.in,1460 days,Adira,Bassi,True
Advik Bahri,MIT WPU,2023-04-05,2027-04-04,boraayesha@mitwpu.in,1460 days,Advik,Bahri,True
Advik Salvi,MIT WPU,2023-03-14,2027-03-13,pmanne@mitwpu.in,1460 days,Advik,Salvi,True
Advika Bir,MIT WPU,2023-01-07,2027-01-06,dasarhaan@mitwpu.in,1460 days,Advika,Bir,True
Advika Comar,MIT WPU,2023-10-17,2027-10-16,devansara@mitwpu.in,1460 days,Advika,Comar,True
Advika Sharaf,MIT WPU,2022-12-01,2026-11-30,jivinlalla@mitwpu.in,1460 days,Advika,Sharaf,True
Advika Sinha,MIT WPU,2023-03-25,2027-03-24,trishataneja@mitwpu.in,1460 days,Advika,Sinha,True
Ahana  Kurian,MIT WPU,2023-10-21,2027-10-20,mshan@mitwpu.in,1460 days,Ahana,Kurian,True
Alisha Dubey,MIT WPU,2023-09-20,2027-09-19,hansprerak@mitwpu.in,1460 days,Alisha,Dubey,True
Alisha Keer,MIT WPU,2023-01-05,2027-01-04,samar82@mitwpu.in,1460 days,Alisha,Keer,True
Alisha Thaman,MIT WPU,2023-07-16,2027-07-15,kamdarkaira@mitwpu.in,1460 days,Alisha,Thaman,True
Amani Ghosh,MIT WPU,2023-02-14,2027-02-13,kantjhanvi@mitwpu.in,1460 days,Amani,Ghosh,True
Amani Mandal,MIT WPU,2023-09-08,2027-09-07,oreddy@mitwpu.in,1460 days,Amani,Mandal,True
Anahi Handa,MIT WPU,2023-07-19,2027-07-18,adirakhosla@mitwpu.in,1460 days,Anahi,Handa,True
Anahi Randhawa,MIT WPU,2023-05-27,2027-05-26,jtiwari@mitwpu.in,1460 days,Anahi,Randhawa,True
Anahita Deep,MIT WPU,2023-08-06,2027-08-05,anya72@mitwpu.in,1460 days,Anahita,Deep,True
Anaya Chopra,MIT WPU,2023-08-15,2027-08-14,nraval@mitwpu.in,1460 days,Anaya,Chopra,True
Anaya Rajagopal,MIT WPU,2023-03-16,2027-03-15,yuvraj-17@mitwpu.in,1460 days,Anaya,Rajagopal,True
Anya Bath,MIT WPU,2023-05-24,2027-05-23,bosekavya@mitwpu.in,1460 days,Anya,Bath,True
Anya Ravel,MIT WPU,2023-10-26,2027-10-25,ahluwaliaraunak@mitwpu.in,1460 days,Anya,Ravel,True
Arhaan Bahl,MIT WPU,2022-12-28,2026-12-27,lavanyabatta@mitwpu.in,1460 days,Arhaan,Bahl,True
Armaan Korpal,MIT WPU,2023-06-28,2027-06-27,rlall@mitwpu.in,1460 days,Armaan,Korpal,True
Ayesha Chahal,MIT WPU,2023-05-17,2027-05-16,fsetty@mitwpu.in,1460 days,Ayesha,Chahal,True
Ayesha Ramesh,MIT WPU,2023-05-18,2027-05-17,bdyal@mitwpu.in,1460 days,Ayesha,Ramesh,True
Badal Dara,MIT WPU,2023-02-20,2027-02-19,choprayuvaan@mitwpu.in,1460 days,Badal,Dara,True
Badal Goda,MIT WPU,2023-08-23,2027-08-22,eva71@mitwpu.in,1460 days,Badal,Goda,True
Badal Kakar,MIT WPU,2023-07-05,2027-07-04,ivan34@mitwpu.in,1460 days,Badal,Kakar,True
Baiju Cherian,MIT WPU,2022-12-28,2026-12-27,dhanda@mitwpu.in,1460 days,Baiju,Cherian,True
Baiju Sarna,MIT WPU,2023-09-22,2027-09-21,umanggarde@mitwpu.in,1460 days,Baiju,Sarna,True
Baiju Zacharia,MIT WPU,2023-09-01,2027-08-31,nbalasubramanian@mitwpu.in,1460 days,Baiju,Zacharia,True
Bhavin Viswanathan,MIT WPU,2023-11-13,2027-11-12,schoudhary@mitwpu.in,1460 days,Bhavin,Viswanathan,True
Biju Ramachandran,MIT WPU,2023-01-28,2027-01-27,uvohra@mitwpu.in,1460 days,Biju,Ramachandran,True
Charvi Chauhan,MIT WPU,2023-03-25,2027-03-24,eshani64@mitwpu.in,1460 days,Charvi,Chauhan,True
Charvi Halder,MIT WPU,2023-11-22,2027-11-21,chauhanaaryahi@mitwpu.in,1460 days,Charvi,Halder,True
Charvi Ramanathan,MIT WPU,2023-04-03,2027-04-02,emani@mitwpu.in,1460 days,Charvi,Ramanathan,True
Chirag Bhatia,MIT WPU,2023-06-13,2027-06-12,ishaanshanker@mitwpu.in,1460 days,Chirag,Bhatia,True
Damini Bora,MIT WPU,2023-03-03,2027-03-02,oluthra@mitwpu.in,1460 days,Damini,Bora,True
Damini Joshi,MIT WPU,2023-02-10,2027-02-09,tanyakrishna@mitwpu.in,1460 days,Damini,Joshi,True
Darshit Kapadia,MIT WPU,2023-11-18,2027-11-17,ikumar@mitwpu.in,1460 days,Darshit,Kapadia,True
Devansh Gill,MIT WPU,2023-06-26,2027-06-25,bhasindhruv@mitwpu.in,1460 days,Devansh,Gill,True
Dhanuk Chad,MIT WPU,2023-11-16,2027-11-15,rshroff@mitwpu.in,1460 days,Dhanuk,Chad,True
Dhanush Chaudhari,MIT WPU,2023-09-30,2027-09-29,samaira90@mitwpu.in,1460 days,Dhanush,Chaudhari,True
Dhanush Sandhu,MIT WPU,2023-07-30,2027-07-29,samarthsrivastava@mitwpu.in,1460 days,Dhanush,Sandhu,True
Dharmajan Dhingra,MIT WPU,2023-11-27,2027-11-26,reyansh60@mitwpu.in,1460 days,Dharmajan,Dhingra,True
Dhruv Hora,MIT WPU,2023-05-12,2027-05-11,arhaantara@mitwpu.in,1460 days,Dhruv,Hora,True
Dhruv Khanna,MIT WPU,2023-05-04,2027-05-03,diya60@mitwpu.in,1460 days,Dhruv,Khanna,True
Dishani Biswas,MIT WPU,2023-03-14,2027-03-13,bumbdharmajan@mitwpu.in,1460 days,Dishani,Biswas,True
Divyansh Krishnamurthy,MIT WPU,2023-03-13,2027-03-12,taimur79@mitwpu.in,1460 days,Divyansh,Krishnamurthy,True
Diya Aggarwal,MIT WPU,2023-02-07,2027-02-06,voradamini@mitwpu.in,1460 days,Diya,Aggarwal,True
Drishya Anand,MIT WPU,2023-06-24,2027-06-23,adahbarad@mitwpu.in,1460 days,Drishya,Anand,True
Drishya Kapur,MIT WPU,2023-04-11,2027-04-10,vsuresh@mitwpu.in,1460 days,Drishya,Kapur,True
Ela Upadhyay,MIT WPU,2022-12-11,2026-12-10,balakrishnanvritika@mitwpu.in,1460 days,Ela,Upadhyay,True
Elakshi Bumb,MIT WPU,2023-08-07,2027-08-06,saanviwable@mitwpu.in,1460 days,Elakshi,Bumb,True
Elakshi Sundaram,MIT WPU,2023-02-09,2027-02-08,iagrawal@mitwpu.in,1460 days,Elakshi,Sundaram,True
Elakshi Vig,MIT WPU,2023-08-21,2027-08-20,zaindate@mitwpu.in,1460 days,Elakshi,Vig,True
Emir Johal,MIT WPU,2023-08-25,2027-08-24,tusharmaharaj@mitwpu.in,1460 days,Emir,Johal,True
Faiyaz Sethi,MIT WPU,2023-10-03,2027-10-02,badaminehmat@mitwpu.in,1460 days,Faiyaz,Sethi,True
Farhan Kata,MIT WPU,2023-07-26,2027-07-25,vivaanbalakrishnan@mitwpu.in,1460 days,Farhan,Kata,True
Gatik Gour,MIT WPU,2023-04-24,2027-04-23,rajaahana@mitwpu.in,1460 days,Gatik,Gour,True
Gokul Hayre,MIT WPU,2023-10-26,2027-10-25,pari33@mitwpu.in,1460 days,Gokul,Hayre,True
Gokul Jani,MIT WPU,2023-11-02,2027-11-01,prishabava@mitwpu.in,1460 days,Gokul,Jani,True
Gokul Varkey,MIT WPU,2023-02-25,2027-02-24,chaudharieshani@mitwpu.in,1460 days,Gokul,Varkey,True
Hansh Borde,MIT WPU,2023-11-22,2027-11-21,somanahana@mitwpu.in,1460 days,Hansh,Borde,True
Hansh Kata,MIT WPU,2023-02-14,2027-02-13,neysakakar@mitwpu.in,1460 days,Hansh,Kata,True
Himmat Singh,MIT WPU,2023-06-03,2027-06-02,kiaanbora@mitwpu.in,1460 days,Himmat,Singh,True
Himmat Toor,MIT WPU,2023-04-28,2027-04-27,cbakshi@mitwpu.in,1460 days,Himmat,Toor,True
Hiran Chakrabarti,MIT WPU,2023-08-07,2027-08-06,zeeshandeshpande@mitwpu.in,1460 days,Hiran,Chakrabarti,True
Hiran Chaudhry,MIT WPU,2023-09-29,2027-09-28,warriordhanush@mitwpu.in,1460 days,Hiran,Chaudhry,True
Hiran Dar,MIT WPU,2023-06-20,2027-06-19,xkulkarni@mitwpu.in,1460 days,Hiran,Dar,True
Hiran Vig,MIT WPU,2023-11-24,2027-11-23,eshani97@mitwpu.in,1460 days,Hiran,Vig,True
Hridaan Dhawan,MIT WPU,2023-02-12,2027-02-11,madhav75@mitwpu.in,1460 days,Hridaan,Dhawan,True
Hridaan Samra,MIT WPU,2023-02-25,2027-02-24,akarsh49@mitwpu.in,1460 days,Hridaan,Samra,True
Hunar Chad,MIT WPU,2023-01-11,2027-01-10,kiara21@mitwpu.in,1460 days,Hunar,Chad,True
Inaaya  Mahajan,MIT WPU,2023-07-19,2027-07-18,dhruv01@mitwpu.in,1460 days,Inaaya,Mahajan,True
Indranil Amble,MIT WPU,2023-04-09,2027-04-08,osodhi@mitwpu.in,1460 days,Indranil,Amble,True
Indranil Uppal,MIT WPU,2023-07-31,2027-07-30,chadhajiya@mitwpu.in,1460 days,Indranil,Uppal,True
Indrans Mane,MIT WPU,2023-03-13,2027-03-12,swamyumang@mitwpu.in,1460 days,Indrans,Mane,True
Indrans Saini,MIT WPU,2023-11-14,2027-11-13,agrover@mitwpu.in,1460 days,Indrans,Saini,True
Indrans Soni,MIT WPU,2023-06-01,2027-05-31,rbalay@mitwpu.in,1460 days,Indrans,Soni,True
Indrans Taneja,MIT WPU,2023-11-02,2027-11-01,upadhyaynavya@mitwpu.in,1460 days,Indrans,Taneja,True
Ira Sibal,MIT WPU,2022-12-22,2026-12-21,shalvgupta@mitwpu.in,1460 days,Ira,Sibal,True
Ishaan Choudhury,MIT WPU,2023-09-17,2027-09-16,mamble@mitwpu.in,1460 days,Ishaan,Choudhury,True
Ishaan Desai,MIT WPU,2023-08-30,2027-08-29,annenavya@mitwpu.in,1460 days,Ishaan,Desai,True
Ishaan Dixit,MIT WPU,2023-11-06,2027-11-05,devanya@mitwpu.in,1460 days,Ishaan,Dixit,True
Ishita Bala,MIT WPU,2023-10-30,2027-10-29,kapadiashayak@mitwpu.in,1460 days,Ishita,Bala,True
Jayant Varkey,MIT WPU,2023-04-22,2027-04-21,onkar75@mitwpu.in,1460 days,Jayant,Varkey,True
Jayesh Boase,MIT WPU,2023-04-07,2027-04-06,goyallakshit@mitwpu.in,1460 days,Jayesh,Boase,True
Jhanvi Khurana,MIT WPU,2022-12-07,2026-12-06,upadhyayvaibhav@mitwpu.in,1460 days,Jhanvi,Khurana,True
Jhanvi Ratti,MIT WPU,2023-10-02,2027-10-01,alisha70@mitwpu.in,1460 days,Jhanvi,Ratti,True
Jivika Lall,MIT WPU,2023-04-15,2027-04-14,rasha62@mitwpu.in,1460 days,Jivika,Lall,True
Jivika Uppal,MIT WPU,2023-04-18,2027-04-17,yasminkakar@mitwpu.in,1460 days,Jivika,Uppal,True
Jivin Chaudhari,MIT WPU,2023-10-14,2027-10-13,adira66@mitwpu.in,1460 days,Jivin,Chaudhari,True
Jiya Goswami,MIT WPU,2023-01-19,2027-01-18,hiranbuch@mitwpu.in,1460 days,Jiya,Goswami,True
Kabir Chahal,MIT WPU,2023-02-14,2027-02-13,csinghal@mitwpu.in,1460 days,Kabir,Chahal,True
Kabir Dasgupta,MIT WPU,2023-07-29,2027-07-28,bawazoya@mitwpu.in,1460 days,Kabir,Dasgupta,True
Kabir Suresh,MIT WPU,2023-07-23,2027-07-22,rohanverma@mitwpu.in,1460 days,Kabir,Suresh,True
Kaira Khatri,MIT WPU,2023-05-29,2027-05-28,vbadami@mitwpu.in,1460 days,Kaira,Khatri,True
Kanav Bahri,MIT WPU,2023-10-28,2027-10-27,jhakeya@mitwpu.in,1460 days,Kanav,Bahri,True
Kanav Chauhan,MIT WPU,2023-08-15,2027-08-14,neelofarwason@mitwpu.in,1460 days,Kanav,Chauhan,True
Kanav Shetty,MIT WPU,2023-06-21,2027-06-20,bhattijiya@mitwpu.in,1460 days,Kanav,Shetty,True
Kanav Vohra,MIT WPU,2023-02-26,2027-02-25,bhaktaayesha@mitwpu.in,1460 days,Kanav,Vohra,True
Kartik Mahal,MIT WPU,2022-12-04,2026-12-03,toorvihaan@mitwpu.in,1460 days,Kartik,Mahal,True
Kartik Ramachandran,MIT WPU,2023-07-14,2027-07-13,jiyagokhale@mitwpu.in,1460 days,Kartik,Ramachandran,True
Kavya Barman,MIT WPU,2023-03-21,2027-03-20,vartypari@mitwpu.in,1460 days,Kavya,Barman,True
Keya Hans,MIT WPU,2023-06-12,2027-06-11,oorja06@mitwpu.in,1460 days,Keya,Hans,True
Keya Sura,MIT WPU,2023-01-10,2027-01-09,ebanerjee@mitwpu.in,1460 days,Keya,Sura,True
Khushi Roy,MIT WPU,2023-03-09,2027-03-08,anahitak@mitwpu.in,1460 days,Khushi,Roy,True
Kiara Kumer,MIT WPU,2023-03-29,2027-03-28,ahana-gill@mitwpu.in,1460 days,Kiara,Kumer,True
Kimaya Dixit,MIT WPU,2022-12-01,2026-11-30,nayantara83@mitwpu.in,1460 days,Kimaya,Dixit,True
Kismat Goel,MIT WPU,2023-09-22,2027-09-21,bandirasha@mitwpu.in,1460 days,Kismat,Goel,True
Krish Balakrishnan,MIT WPU,2022-12-09,2026-12-08,chirag80@mitwpu.in,1460 days,Krish,Balakrishnan,True
Lagan Kurian,MIT WPU,2023-03-29,2027-03-28,chiragkapadia@mitwpu.in,1460 days,Lagan,Kurian,True
Lagan Sura,MIT WPU,2023-11-01,2027-10-31,fateh77@mitwpu.in,1460 days,Lagan,Sura,True
Lakshay Zachariah,MIT WPU,2023-02-28,2027-02-27,chandanehmat@mitwpu.in,1460 days,Lakshay,Zachariah,True
Lakshit Sarkar,MIT WPU,2023-11-20,2027-11-19,siyadeep@mitwpu.in,1460 days,Lakshit,Sarkar,True
Madhav Dixit,MIT WPU,2022-12-02,2026-12-01,rheadeep@mitwpu.in,1460 days,Madhav,Dixit,True
Madhup Buch,MIT WPU,2023-08-12,2027-08-11,kmand@mitwpu.in,1460 days,Madhup,Buch,True
Mamooty Kata,MIT WPU,2023-07-26,2027-07-25,manikyachakraborty@mitwpu.in,1460 days,Mamooty,Kata,True
Manikya Bobal,MIT WPU,2023-01-10,2027-01-09,jhanvichar@mitwpu.in,1460 days,Manikya,Bobal,True
Manjari Baria,MIT WPU,2023-02-21,2027-02-20,iramadan@mitwpu.in,1460 days,Manjari,Baria,True
Manjari Chandran,MIT WPU,2023-05-29,2027-05-28,sarabhatt@mitwpu.in,1460 days,Manjari,Chandran,True
Manjari Gade,MIT WPU,2023-10-20,2027-10-19,ira89@mitwpu.in,1460 days,Manjari,Gade,True
Manjari Warrior,MIT WPU,2023-06-28,2027-06-27,magarsamiha@mitwpu.in,1460 days,Manjari,Warrior,True
Mannat Chacko,MIT WPU,2023-02-06,2027-02-05,mahikatandon@mitwpu.in,1460 days,Mannat,Chacko,True
Miraan Barad,MIT WPU,2023-07-26,2027-07-25,shray20@mitwpu.in,1460 days,Miraan,Barad,True
Miraan Butala,MIT WPU,2023-10-18,2027-10-17,umang74@mitwpu.in,1460 days,Miraan,Butala,True
Miraya Bedi,MIT WPU,2022-12-04,2026-12-03,azadsathe@mitwpu.in,1460 days,Miraya,Bedi,True
Miraya Bhasin,MIT WPU,2023-05-19,2027-05-18,trivedihunar@mitwpu.in,1460 days,Miraya,Bhasin,True
Miraya Chander,MIT WPU,2023-02-26,2027-02-25,kabir21@mitwpu.in,1460 days,Miraya,Chander,True
Miraya Dhar,MIT WPU,2023-03-19,2027-03-18,lagan50@mitwpu.in,1460 days,Miraya,Dhar,True
Misha Reddy,MIT WPU,2023-04-30,2027-04-29,sanedarshit@mitwpu.in,1460 days,Misha,Reddy,True
Mishti Chad,MIT WPU,2023-09-17,2027-09-16,bediyasmin@mitwpu.in,1460 days,Mishti,Chad,True
Mishti Chada,MIT WPU,2023-05-01,2027-04-30,pari41@mitwpu.in,1460 days,Mishti,Chada,True
Mishti Gill,MIT WPU,2023-01-08,2027-01-07,hsehgal@mitwpu.in,1460 days,Mishti,Gill,True
Mishti Sule,MIT WPU,2023-03-09,2027-03-08,kgolla@mitwpu.in,1460 days,Mishti,Sule,True
Mohanlal Suresh,MIT WPU,2023-10-23,2027-10-22,hsetty@mitwpu.in,1460 days,Mohanlal,Suresh,True
Myra Balakrishnan,MIT WPU,2022-12-12,2026-12-11,dhingramiraan@mitwpu.in,1460 days,Myra,Balakrishnan,True
Myra Kunda,MIT WPU,2023-06-03,2027-06-02,lbanerjee@mitwpu.in,1460 days,Myra,Kunda,True
Nakul Chaudry,MIT WPU,2023-11-29,2027-11-28,zbakshi@mitwpu.in,1460 days,Nakul,Chaudry,True
Nakul Choudhury,MIT WPU,2023-08-08,2027-08-07,ishaan49@mitwpu.in,1460 days,Nakul,Choudhury,True
Nakul Srivastava,MIT WPU,2023-01-29,2027-01-28,varkeymiraya@mitwpu.in,1460 days,Nakul,Srivastava,True
Navya Raman,MIT WPU,2023-03-22,2027-03-21,dhanukgala@mitwpu.in,1460 days,Navya,Raman,True
Navya Wadhwa,MIT WPU,2023-03-10,2027-03-09,qvig@mitwpu.in,1460 days,Navya,Wadhwa,True
Nirvaan Deol,MIT WPU,2023-03-12,2027-03-11,shethjayant@mitwpu.in,1460 days,Nirvaan,Deol,True
Nishith Sachdeva,MIT WPU,2023-09-17,2027-09-16,udesai@mitwpu.in,1460 days,Nishith,Sachdeva,True
Nitya Anne,MIT WPU,2022-11-30,2026-11-29,guptaprisha@mitwpu.in,1460 days,Nitya,Anne,True
Nitya Viswanathan,MIT WPU,2023-01-20,2027-01-19,rati11@mitwpu.in,1460 days,Nitya,Viswanathan,True
Onkar Chada,MIT WPU,2023-01-19,2027-01-18,tarinisaha@mitwpu.in,1460 days,Onkar,Chada,True
Oorja Rajagopalan,MIT WPU,2023-07-08,2027-07-07,lrastogi@mitwpu.in,1460 days,Oorja,Rajagopalan,True
Oorja Sastry,MIT WPU,2023-01-17,2027-01-16,siya41@mitwpu.in,1460 days,Oorja,Sastry,True
Pari Sarna,MIT WPU,2023-05-03,2027-05-02,ela55@mitwpu.in,1460 days,Pari,Sarna,True
Pihu Date,MIT WPU,2022-12-13,2026-12-12,aray@mitwpu.in,1460 days,Pihu,Date,True
Pranay Tak,MIT WPU,2023-06-14,2027-06-13,kavyatank@mitwpu.in,1460 days,Pranay,Tak,True
Prerak Gola,MIT WPU,2022-12-06,2026-12-05,rohan18@mitwpu.in,1460 days,Prerak,Gola,True
Prerak Kakar,MIT WPU,2023-09-24,2027-09-23,elall@mitwpu.in,1460 days,Prerak,Kakar,True
Prisha Handa,MIT WPU,2023-06-22,2027-06-21,fagate@mitwpu.in,1460 days,Prisha,Handa,True
Priyansh Varty,MIT WPU,2023-06-03,2027-06-02,kantdivyansh@mitwpu.in,1460 days,Priyansh,Varty,True
Purab Batta,MIT WPU,2022-12-12,2026-12-11,jbumb@mitwpu.in,1460 days,Purab,Batta,True
Purab Sarna,MIT WPU,2023-11-18,2027-11-17,bhavin00@mitwpu.in,1460 days,Purab,Sarna,True
Ranbir Mangal,MIT WPU,2023-05-15,2027-05-14,grastogi@mitwpu.in,1460 days,Ranbir,Mangal,True
Rasha Sengupta,MIT WPU,2023-09-16,2027-09-15,kotharivardaniya@mitwpu.in,1460 days,Rasha,Sengupta,True
Rati Ratta,MIT WPU,2023-01-29,2027-01-28,qsachar@mitwpu.in,1460 days,Rati,Ratta,True
Rati Sunder,MIT WPU,2023-07-19,2027-07-18,sarnalagan@mitwpu.in,1460 days,Rati,Sunder,True
Raunak Sabharwal,MIT WPU,2023-04-30,2027-04-29,dasguptaranbir@mitwpu.in,1460 days,Raunak,Sabharwal,True
Reyansh Deshpande,MIT WPU,2023-10-21,2027-10-20,lakshit26@mitwpu.in,1460 days,Reyansh,Deshpande,True
Riaan Batra,MIT WPU,2023-09-02,2027-09-01,jivikabhagat@mitwpu.in,1460 days,Riaan,Batra,True
Riaan Kibe,MIT WPU,2022-12-02,2026-12-01,borrahridaan@mitwpu.in,1460 days,Riaan,Kibe,True
Ritvik Chand,MIT WPU,2023-05-13,2027-05-12,farhan76@mitwpu.in,1460 days,Ritvik,Chand,True
Ritvik Hegde,MIT WPU,2022-12-31,2026-12-30,anikaratti@mitwpu.in,1460 days,Ritvik,Hegde,True
Riya Dugar,MIT WPU,2023-03-06,2027-03-05,kimaya00@mitwpu.in,1460 days,Riya,Dugar,True
Rohan Jain,MIT WPU,2023-09-13,2027-09-12,hbhalla@mitwpu.in,1460 days,Rohan,Jain,True
Rohan Majumdar,MIT WPU,2023-08-23,2027-08-22,raunak03@mitwpu.in,1460 days,Rohan,Majumdar,True
Romil Seth,MIT WPU,2023-03-04,2027-03-03,kumarmyra@mitwpu.in,1460 days,Romil,Seth,True
Ryan Loke,MIT WPU,2023-08-08,2027-08-07,vidur34@mitwpu.in,1460 days,Ryan,Loke,True
Saanvi Dass,MIT WPU,2023-10-30,2027-10-29,veer31@mitwpu.in,1460 days,Saanvi,Dass,True
Saanvi Sampath,MIT WPU,2023-10-12,2027-10-11,andradarshit@mitwpu.in,1460 days,Saanvi,Sampath,True
Saanvi Saxena,MIT WPU,2023-11-20,2027-11-19,ishaanvarty@mitwpu.in,1460 days,Saanvi,Saxena,True
Saira Chatterjee,MIT WPU,2023-10-30,2027-10-29,shraykaran@mitwpu.in,1460 days,Saira,Chatterjee,True
Saira Savant,MIT WPU,2023-10-18,2027-10-17,saranheer@mitwpu.in,1460 days,Saira,Savant,True
Saksham Kala,MIT WPU,2023-05-12,2027-05-11,yogikashvi@mitwpu.in,1460 days,Saksham,Kala,True
Saksham Sahni,MIT WPU,2023-07-17,2027-07-16,dasguptamiraan@mitwpu.in,1460 days,Saksham,Sahni,True
Samaira Grewal,MIT WPU,2023-09-18,2027-09-17,keyamahal@mitwpu.in,1460 days,Samaira,Grewal,True
Samar Dash,MIT WPU,2023-07-25,2027-07-24,parinaaz54@mitwpu.in,1460 days,Samar,Dash,True
Samar Keer,MIT WPU,2023-06-03,2027-06-02,earya@mitwpu.in,1460 days,Samar,Keer,True
Samar Mallick,MIT WPU,2023-01-13,2027-01-12,zkuruvilla@mitwpu.in,1460 days,Samar,Mallick,True
Samar Varghese,MIT WPU,2023-09-15,2027-09-14,bbajwa@mitwpu.in,1460 days,Samar,Varghese,True
Samarth Bora,MIT WPU,2022-12-26,2026-12-25,fbedi@mitwpu.in,1460 days,Samarth,Bora,True
Samiha Bahl,MIT WPU,2023-09-27,2027-09-26,harisahil@mitwpu.in,1460 days,Samiha,Bahl,True
Samiha Shah,MIT WPU,2023-06-02,2027-06-01,varkeyanahita@mitwpu.in,1460 days,Samiha,Shah,True
Sana Dhar,MIT WPU,2023-02-02,2027-02-01,biryasmin@mitwpu.in,1460 days,Sana,Dhar,True
Sara Dasgupta,MIT WPU,2023-06-02,2027-06-01,nvig@mitwpu.in,1460 days,Sara,Dasgupta,True
Sara Roy,MIT WPU,2023-08-18,2027-08-17,kohliadah@mitwpu.in,1460 days,Sara,Roy,True
Sara Wason,MIT WPU,2023-02-20,2027-02-19,ryan21@mitwpu.in,1460 days,Sara,Wason,True
Shaan Jayaraman,MIT WPU,2023-04-17,2027-04-16,gatikgoel@mitwpu.in,1460 days,Shaan,Jayaraman,True
Shalv Kale,MIT WPU,2023-01-16,2027-01-15,fsridhar@mitwpu.in,1460 days,Shalv,Kale,True
Shalv Sarna,MIT WPU,2023-09-13,2027-09-12,faiyazvora@mitwpu.in,1460 days,Shalv,Sarna,True
Shalv Seshadri,MIT WPU,2023-03-01,2027-02-28,balhimmat@mitwpu.in,1460 days,Shalv,Seshadri,True
Shamik Rau,MIT WPU,2023-07-23,2027-07-22,vidurrastogi@mitwpu.in,1460 days,Shamik,Rau,True
Shlok Ben,MIT WPU,2023-02-08,2027-02-07,ivanawali@mitwpu.in,1460 days,Shlok,Ben,True
Shlok Dalal,MIT WPU,2023-08-01,2027-07-31,purab76@mitwpu.in,1460 days,Shlok,Dalal,True
Shlok Kothari,MIT WPU,2023-08-13,2027-08-12,dmallick@mitwpu.in,1460 days,Shlok,Kothari,True
Suhana De,MIT WPU,2023-07-29,2027-07-28,esastry@mitwpu.in,1460 days,Suhana,De,True
Suhana Suresh,MIT WPU,2023-10-30,2027-10-29,kartik43@mitwpu.in,1460 days,Suhana,Suresh,True
Taimur Mannan,MIT WPU,2022-12-06,2026-12-05,jayandas@mitwpu.in,1460 days,Taimur,Mannan,True
Taran Sengupta,MIT WPU,2023-01-29,2027-01-28,bhavinvarkey@mitwpu.in,1460 days,Taran,Sengupta,True
Tarini Acharya,MIT WPU,2022-12-17,2026-12-16,darshithayer@mitwpu.in,1460 days,Tarini,Acharya,True
Tarini DAlia,MIT WPU,2023-01-21,2027-01-20,vdugal@mitwpu.in,1460 days,Tarini,DAlia,True
Tarini Kulkarni,MIT WPU,2023-01-12,2027-01-11,somanahi@mitwpu.in,1460 days,Tarini,Kulkarni,True
Tejas Khare,MIT WPU,2023-06-26,2027-06-25,doraeva@mitwpu.in,1460 days,Tejas,Khare,True
Tejas Wason,MIT WPU,2023-08-24,2027-08-23,riya18@mitwpu.in,1460 days,Tejas,Wason,True
Tiya Lall,MIT WPU,2023-10-01,2027-09-30,karanyakshit@mitwpu.in,1460 days,Tiya,Lall,True
Umang Date,MIT WPU,2022-12-06,2026-12-05,mishti68@mitwpu.in,1460 days,Umang,Date,True
Urvi Srivastava,MIT WPU,2023-01-18,2027-01-17,kanavsaha@mitwpu.in,1460 days,Urvi,Srivastava,True
Uthkarsh Kuruvilla,MIT WPU,2022-12-05,2026-12-04,khalsabadal@mitwpu.in,1460 days,Uthkarsh,Kuruvilla,True
Vaibhav Keer,MIT WPU,2023-03-13,2027-03-12,stuvan68@mitwpu.in,1460 days,Vaibhav,Keer,True
Vanya Butala,MIT WPU,2023-05-17,2027-05-16,prishachander@mitwpu.in,1460 days,Vanya,Butala,True
Vanya Dasgupta,MIT WPU,2023-01-16,2027-01-15,badal87@mitwpu.in,1460 days,Vanya,Dasgupta,True
Vardaniya Banerjee,MIT WPU,2023-07-05,2027-07-04,sherefaiyaz@mitwpu.in,1460 days,Vardaniya,Banerjee,True
Vardaniya Bose,MIT WPU,2023-03-20,2027-03-19,inaaya-badami@mitwpu.in,1460 days,Vardaniya,Bose,True
Vedika Mangat,MIT WPU,2023-10-18,2027-10-17,rheavora@mitwpu.in,1460 days,Vedika,Mangat,True
Vidur Konda,MIT WPU,2023-06-17,2027-06-16,veer23@mitwpu.in,1460 days,Vidur,Konda,True
Vihaan Rau,MIT WPU,2023-06-08,2027-06-07,iramanathan@mitwpu.in,1460 days,Vihaan,Rau,True
Vivaan Andra,MIT WPU,2023-03-31,2027-03-30,ranalagan@mitwpu.in,1460 days,Vivaan,Andra,True
Vivaan Dube,MIT WPU,2023-08-20,2027-08-19,ukar@mitwpu.in,1460 days,Vivaan,Dube,True
Vritika Rana,MIT WPU,2023-09-23,2027-09-22,anandtushar@mitwpu.in,1460 days,Vritika,Rana,True
Vritika Zacharia,MIT WPU,2023-01-26,2027-01-25,arnav49@mitwpu.in,1460 days,Vritika,Zacharia,True
Yakshit Dada,MIT WPU,2023-04-02,2027-04-01,tarabaiju@mitwpu.in,1460 days,Yakshit,Dada,True
Yasmin Kapur,MIT WPU,2023-06-04,2027-06-03,jganguly@mitwpu.in,1460 days,Yasmin,Kapur,True
Yasmin Khurana,MIT WPU,2023-03-19,2027-03-18,sastrygatik@mitwpu.in,1460 days,Yasmin,Khurana,True
Yasmin Som,MIT WPU,2023-08-10,2027-08-09,byogi@mitwpu.in,1460 days,Yasmin,Som,True
Yuvaan Apte,MIT WPU,2023-10-03,2027-10-02,baiju03@mitwpu.in,1460 days,Yuvaan,Apte,True
Yuvaan Keer,MIT WPU,2023-09-20,2027-09-19,mishtiraju@mitwpu.in,1460 days,Yuvaan,Keer,True
Yuvraj  Ganesh,MIT WPU,2023-05-13,2027-05-12,sridharhansh@mitwpu.in,1460 days,Yuvraj,Ganesh,True
Yuvraj  Sastry,MIT WPU,2023-04-08,2027-04-07,faiyaz32@mitwpu.in,1460 days,Yuvraj,Sastry,True
Zaina Biswas,MIT WPU,2023-11-09,2027-11-08,kothariryan@mitwpu.in,1460 days,Zaina,Biswas,True
Zara Bir,MIT WPU,2023-10-31,2027-10-30,samarth15@mitwpu.in,1460 days,Zara,Bir,True
Zara Luthra,MIT WPU,2023-03-24,2027-03-23,ramachandrankiaan@mitwpu.in,1460 days,Zara,Luthra,True
Zeeshan Dhillon,MIT WPU,2023-06-23,2027-06-22,inaaya-18@mitwpu.in,1460 days,Zeeshan,Dhillon,True
Zoya Bajwa,MIT WPU,2023-03-02,2027-03-01,kandavanya@mitwpu.in,1460 days,Zoya,Bajwa,True
Aarna Boase,VIT,2023-08-18,2027-08-17,adahkrishnan@vit.in,1460 days,Aarna,Boase,True
Aarna Kanda,VIT,2023-03-14,2027-03-13,dseth@vit.in,1460 days,Aarna,Kanda,True
Aarna Solanki,VIT,2023-08-24,2027-08-23,hrishita23@vit.in,1460 days,Aarna,Solanki,True
Aarush Balan,VIT,2023-10-22,2027-10-21,vsaraf@vit.in,1460 days,Aarush,Balan,True
Aarush Goyal,VIT,2023-01-11,2027-01-10,mannatguha@vit.in,1460 days,Aarush,Goyal,True
Aaryahi Kara,VIT,2022-12-27,2026-12-26,qsoni@vit.in,1460 days,Aaryahi,Kara,True
Aayush Bhargava,VIT,2023-09-15,2027-09-14,bhatnagardhanuk@vit.in,1460 days,Aayush,Bhargava,True
Aayush Cherian,VIT,2023-05-17,2027-05-16,vanyabobal@vit.in,1460 days,Aayush,Cherian,True
Aayush Maharaj,VIT,2023-01-16,2027-01-15,prishamannan@vit.in,1460 days,Aayush,Maharaj,True
Aayush Raman,VIT,2023-09-10,2027-09-09,yshukla@vit.in,1460 days,Aayush,Raman,True
Adah Kamdar,VIT,2022-12-04,2026-12-03,diyaborra@vit.in,1460 days,Adah,Kamdar,True
Adira Bhandari,VIT,2023-03-16,2027-03-15,mishti09@vit.in,1460 days,Adira,Bhandari,True
Adira Khare,VIT,2023-07-05,2027-07-04,madanzaina@vit.in,1460 days,Adira,Khare,True
Advik Goswami,VIT,2023-01-26,2027-01-25,arnav97@vit.in,1460 days,Advik,Goswami,True
Advika Brar,VIT,2023-09-13,2027-09-12,basakivan@vit.in,1460 days,Advika,Brar,True
Advika Dixit,VIT,2023-06-25,2027-06-24,xguha@vit.in,1460 days,Advika,Dixit,True
Advika Warrior,VIT,2022-12-07,2026-12-06,gedwin@vit.in,1460 days,Advika,Warrior,True
Ahana  Loyal,VIT,2023-05-10,2027-05-09,anay63@vit.in,1460 days,Ahana,Loyal,True
Akarsh Kunda,VIT,2023-09-28,2027-09-27,kiaanhora@vit.in,1460 days,Akarsh,Kunda,True
Alia Brar,VIT,2023-08-08,2027-08-07,mganesh@vit.in,1460 days,Alia,Brar,True
Alisha Venkatesh,VIT,2023-07-24,2027-07-23,purab17@vit.in,1460 days,Alisha,Venkatesh,True
Amani Mani,VIT,2023-11-01,2027-10-31,wloyal@vit.in,1460 days,Amani,Mani,True
Amira Tella,VIT,2023-01-24,2027-01-23,khushi45@vit.in,1460 days,Amira,Tella,True
Anahi Doctor,VIT,2023-05-05,2027-05-04,samar71@vit.in,1460 days,Anahi,Doctor,True
Anahi Kashyap,VIT,2023-02-11,2027-02-10,mmangal@vit.in,1460 days,Anahi,Kashyap,True
Anahi Sur,VIT,2023-04-11,2027-04-10,srinivasanstuvan@vit.in,1460 days,Anahi,Sur,True
Anahita Mane,VIT,2023-10-18,2027-10-17,riaan59@vit.in,1460 days,Anahita,Mane,True
Anay Bedi,VIT,2023-06-29,2027-06-28,rheatiwari@vit.in,1460 days,Anay,Bedi,True
Anika Bassi,VIT,2023-09-26,2027-09-25,aaina58@vit.in,1460 days,Anika,Bassi,True
Anika Sant,VIT,2023-05-17,2027-05-16,indrans17@vit.in,1460 days,Anika,Sant,True
Aniruddh Sachdeva,VIT,2023-11-02,2027-11-01,himmatboase@vit.in,1460 days,Aniruddh,Sachdeva,True
Ayesha Bhatia,VIT,2023-02-10,2027-02-09,senshayak@vit.in,1460 days,Ayesha,Bhatia,True
Ayesha Rajan,VIT,2023-10-11,2027-10-10,yogidiya@vit.in,1460 days,Ayesha,Rajan,True
Azad Amble,VIT,2023-06-18,2027-06-17,purabkaul@vit.in,1460 days,Azad,Amble,True
Azad Bakshi,VIT,2023-09-21,2027-09-20,nishith85@vit.in,1460 days,Azad,Bakshi,True
Azad Konda,VIT,2023-06-23,2027-06-22,kalitadarshit@vit.in,1460 days,Azad,Konda,True
Badal Kaur,VIT,2023-11-10,2027-11-09,kavya20@vit.in,1460 days,Badal,Kaur,True
Badal Madan,VIT,2023-08-28,2027-08-27,bariaanvi@vit.in,1460 days,Badal,Madan,True
Badal Sethi,VIT,2023-08-26,2027-08-25,lakshaydewan@vit.in,1460 days,Badal,Sethi,True
Bhavin Cheema,VIT,2023-09-26,2027-09-25,mohanlal24@vit.in,1460 days,Bhavin,Cheema,True
Bhavin Hayer,VIT,2023-06-25,2027-06-24,bhamini39@vit.in,1460 days,Bhavin,Hayer,True
Biju Chandra,VIT,2023-09-10,2027-09-09,nirvisachdeva@vit.in,1460 days,Biju,Chandra,True
Biju Sridhar,VIT,2022-12-03,2026-12-02,sodhidrishya@vit.in,1460 days,Biju,Sridhar,True
Charvi Handa,VIT,2022-12-23,2026-12-22,ratibajwa@vit.in,1460 days,Charvi,Handa,True
Charvi Kale,VIT,2023-07-04,2027-07-03,deeptrisha@vit.in,1460 days,Charvi,Kale,True
Charvi Kamdar,VIT,2023-06-01,2027-05-31,ghosesana@vit.in,1460 days,Charvi,Kamdar,True
Charvi Lala,VIT,2023-09-22,2027-09-21,jhaveriela@vit.in,1460 days,Charvi,Lala,True
Darshit Samra,VIT,2023-11-24,2027-11-23,parinaaz73@vit.in,1460 days,Darshit,Samra,True
Devansh Madan,VIT,2023-05-09,2027-05-08,sumerjaggi@vit.in,1460 days,Devansh,Madan,True
Dhanush Lall,VIT,2023-11-05,2027-11-04,khatriraunak@vit.in,1460 days,Dhanush,Lall,True
Dharmajan Grewal,VIT,2023-01-09,2027-01-08,samaira05@vit.in,1460 days,Dharmajan,Grewal,True
Dishani Hans,VIT,2023-11-17,2027-11-16,farhan14@vit.in,1460 days,Dishani,Hans,True
Dishani Ray,VIT,2023-08-23,2027-08-22,veerkhurana@vit.in,1460 days,Dishani,Ray,True
Dishani Subramanian,VIT,2023-05-30,2027-05-29,aniruddhdas@vit.in,1460 days,Dishani,Subramanian,True
Divij Joshi,VIT,2023-04-01,2027-03-31,kchatterjee@vit.in,1460 days,Divij,Joshi,True
Divij Malhotra,VIT,2023-09-24,2027-09-23,tdada@vit.in,1460 days,Divij,Malhotra,True
Divij Talwar,VIT,2023-07-19,2027-07-18,advikadara@vit.in,1460 days,Divij,Talwar,True
Divit Date,VIT,2023-07-31,2027-07-30,neysasidhu@vit.in,1460 days,Divit,Date,True
Divyansh Cherian,VIT,2023-08-27,2027-08-26,isandhu@vit.in,1460 days,Divyansh,Cherian,True
Divyansh De,VIT,2023-11-19,2027-11-18,fatehkrishna@vit.in,1460 days,Divyansh,De,True
Divyansh Jayaraman,VIT,2023-09-19,2027-09-18,alia42@vit.in,1460 days,Divyansh,Jayaraman,True
Diya Deshmukh,VIT,2023-04-25,2027-04-24,navya57@vit.in,1460 days,Diya,Deshmukh,True
Diya Kothari,VIT,2023-01-22,2027-01-21,sharafmanikya@vit.in,1460 days,Diya,Kothari,True
Drishya Bhalla,VIT,2023-05-16,2027-05-15,nirvaankrishnan@vit.in,1460 days,Drishya,Bhalla,True
Drishya Borde,VIT,2023-04-10,2027-04-09,ythaker@vit.in,1460 days,Drishya,Borde,True
Drishya Jayaraman,VIT,2022-12-12,2026-12-11,mirayasaran@vit.in,1460 days,Drishya,Jayaraman,True
Ehsaan Chaudry,VIT,2023-08-31,2027-08-30,majumdarreyansh@vit.in,1460 days,Ehsaan,Chaudry,True
Ehsaan Mall,VIT,2023-05-17,2027-05-16,kiaraarora@vit.in,1460 days,Ehsaan,Mall,True
Ela Deep,VIT,2023-04-10,2027-04-09,tejassehgal@vit.in,1460 days,Ela,Deep,True
Elakshi Sandhu,VIT,2023-05-05,2027-05-04,taimurvasa@vit.in,1460 days,Elakshi,Sandhu,True
Emir Mangat,VIT,2023-09-28,2027-09-27,inaaya-venkatesh@vit.in,1460 days,Emir,Mangat,True
Eshani Goyal,VIT,2023-11-25,2027-11-24,sethvivaan@vit.in,1460 days,Eshani,Goyal,True
Eva Ben,VIT,2023-08-14,2027-08-13,laganrout@vit.in,1460 days,Eva,Ben,True
Hansh Agrawal,VIT,2023-10-24,2027-10-23,isrinivas@vit.in,1460 days,Hansh,Agrawal,True
Hiran Butala,VIT,2023-10-18,2027-10-17,bshukla@vit.in,1460 days,Hiran,Butala,True
Hiran Lall,VIT,2023-02-11,2027-02-10,choudhrymyra@vit.in,1460 days,Hiran,Lall,True
Hunar Borah,VIT,2023-05-04,2027-05-03,deogatik@vit.in,1460 days,Hunar,Borah,True
Hunar Chand,VIT,2023-10-11,2027-10-10,indrans14@vit.in,1460 days,Hunar,Chand,True
Indrajit Walla,VIT,2023-09-22,2027-09-21,baiju12@vit.in,1460 days,Indrajit,Walla,True
Indranil Bhatia,VIT,2023-07-12,2027-07-11,kashvisant@vit.in,1460 days,Indranil,Bhatia,True
Indranil Chaudhari,VIT,2023-02-18,2027-02-17,ishaanwalla@vit.in,1460 days,Indranil,Chaudhari,True
Indranil Goda,VIT,2023-04-01,2027-03-31,mallickeva@vit.in,1460 days,Indranil,Goda,True
Indranil Shenoy,VIT,2023-09-23,2027-09-22,aaina23@vit.in,1460 days,Indranil,Shenoy,True
Ishaan Kara,VIT,2023-05-06,2027-05-05,pbuch@vit.in,1460 days,Ishaan,Kara,True
Ishita Chandran,VIT,2022-12-08,2026-12-07,ritvik00@vit.in,1460 days,Ishita,Chandran,True
Ivan Dara,VIT,2022-12-16,2026-12-15,armaanravi@vit.in,1460 days,Ivan,Dara,True
Ivan Gala,VIT,2023-11-02,2027-11-01,sanibadal@vit.in,1460 days,Ivan,Gala,True
Ivan Kari,VIT,2023-04-24,2027-04-23,msood@vit.in,1460 days,Ivan,Kari,True
Ivana Biswas,VIT,2023-10-15,2027-10-14,samarth29@vit.in,1460 days,Ivana,Biswas,True
Ivana Raja,VIT,2023-07-28,2027-07-27,vkurian@vit.in,1460 days,Ivana,Raja,True
Ivana Vora,VIT,2023-04-06,2027-04-05,jivin35@vit.in,1460 days,Ivana,Vora,True
Jayan Amble,VIT,2023-11-07,2027-11-06,shayak51@vit.in,1460 days,Jayan,Amble,True
Jayan Majumdar,VIT,2023-08-04,2027-08-03,kalitamisha@vit.in,1460 days,Jayan,Majumdar,True
Jayan Swaminathan,VIT,2023-01-09,2027-01-08,nghosh@vit.in,1460 days,Jayan,Swaminathan,True
Jhanvi Sathe,VIT,2023-09-21,2027-09-20,bathprerak@vit.in,1460 days,Jhanvi,Sathe,True
Jhanvi Sur,VIT,2023-10-04,2027-10-03,swaminathannirvi@vit.in,1460 days,Jhanvi,Sur,True
Jivika Bhandari,VIT,2023-02-19,2027-02-18,vdate@vit.in,1460 days,Jivika,Bhandari,True
Jivika Goel,VIT,2023-07-02,2027-07-01,amanisetty@vit.in,1460 days,Jivika,Goel,True
Jivika Kibe,VIT,2023-05-03,2027-05-02,ehsaandevi@vit.in,1460 days,Jivika,Kibe,True
Jivika Lall,VIT,2023-03-07,2027-03-06,tanyaahuja@vit.in,1460 days,Jivika,Lall,True
Jivika Shan,VIT,2023-07-15,2027-07-14,ivana29@vit.in,1460 days,Jivika,Shan,True
Jivin Bawa,VIT,2023-04-29,2027-04-28,xsarma@vit.in,1460 days,Jivin,Bawa,True
Jivin Deshmukh,VIT,2023-10-13,2027-10-12,anahita81@vit.in,1460 days,Jivin,Deshmukh,True
Kabir Ben,VIT,2023-02-03,2027-02-02,kanav16@vit.in,1460 days,Kabir,Ben,True
Kaira Khalsa,VIT,2023-09-22,2027-09-21,advikkari@vit.in,1460 days,Kaira,Khalsa,True
Kaira Tiwari,VIT,2022-12-01,2026-11-30,kimaya23@vit.in,1460 days,Kaira,Tiwari,True
Kanav Luthra,VIT,2023-08-27,2027-08-26,gvarghese@vit.in,1460 days,Kanav,Luthra,True
Kartik Gandhi,VIT,2023-06-23,2027-06-22,gsharaf@vit.in,1460 days,Kartik,Gandhi,True
Kavya Gupta,VIT,2023-07-08,2027-07-07,rajuira@vit.in,1460 days,Kavya,Gupta,True
Kavya Soni,VIT,2023-03-09,2027-03-08,uthkarshsankaran@vit.in,1460 days,Kavya,Soni,True
Keya Suresh,VIT,2023-02-27,2027-02-26,duazoya@vit.in,1460 days,Keya,Suresh,True
Keya Wagle,VIT,2023-11-29,2027-11-28,inaaya-char@vit.in,1460 days,Keya,Wagle,True
Kiaan Bava,VIT,2023-11-19,2027-11-18,rbalan@vit.in,1460 days,Kiaan,Bava,True
Kiaan Chada,VIT,2023-09-15,2027-09-14,eviswanathan@vit.in,1460 days,Kiaan,Chada,True
Kiaan Chahal,VIT,2023-03-22,2027-03-21,alia45@vit.in,1460 days,Kiaan,Chahal,True
Kiaan Kurian,VIT,2023-10-03,2027-10-02,raniadhaliwal@vit.in,1460 days,Kiaan,Kurian,True
Kimaya Char,VIT,2023-08-13,2027-08-12,zeeshandewan@vit.in,1460 days,Kimaya,Char,True
Kimaya Doctor,VIT,2023-10-13,2027-10-12,kotaryan@vit.in,1460 days,Kimaya,Doctor,True
Kimaya Jhaveri,VIT,2023-05-26,2027-05-25,tushar61@vit.in,1460 days,Kimaya,Jhaveri,True
Kimaya Kala,VIT,2023-04-16,2027-04-15,samihakari@vit.in,1460 days,Kimaya,Kala,True
Kimaya Thakur,VIT,2022-12-08,2026-12-07,nakul34@vit.in,1460 days,Kimaya,Thakur,True
Kismat Butala,VIT,2023-07-18,2027-07-17,rdass@vit.in,1460 days,Kismat,Butala,True
Krish Chandran,VIT,2023-11-25,2027-11-24,nayantara44@vit.in,1460 days,Krish,Chandran,True
Lakshay Boase,VIT,2022-12-12,2026-12-11,dishani58@vit.in,1460 days,Lakshay,Boase,True
Lakshit Edwin,VIT,2023-11-01,2027-10-31,babuanika@vit.in,1460 days,Lakshit,Edwin,True
Lakshit Luthra,VIT,2023-07-23,2027-07-22,issaccharvi@vit.in,1460 days,Lakshit,Luthra,True
Madhav Raju,VIT,2023-09-22,2027-09-21,karpeuthkarsh@vit.in,1460 days,Madhav,Raju,True
Madhav Tripathi,VIT,2023-05-02,2027-05-01,shanda@vit.in,1460 days,Madhav,Tripathi,True
Madhav Walia,VIT,2023-06-29,2027-06-28,routarnav@vit.in,1460 days,Madhav,Walia,True
Madhup Khalsa,VIT,2023-04-10,2027-04-09,gaurora@vit.in,1460 days,Madhup,Khalsa,True
Madhup Shroff,VIT,2023-03-14,2027-03-13,ranbir66@vit.in,1460 days,Madhup,Shroff,True
Mahika Chada,VIT,2023-10-24,2027-10-23,shuklapiya@vit.in,1460 days,Mahika,Chada,True
Mahika Madan,VIT,2023-06-26,2027-06-25,ukapadia@vit.in,1460 days,Mahika,Madan,True
Mahika Sibal,VIT,2023-07-09,2027-07-08,vivaandhingra@vit.in,1460 days,Mahika,Sibal,True
Mamooty Bhasin,VIT,2022-12-16,2026-12-15,fborah@vit.in,1460 days,Mamooty,Bhasin,True
Mamooty Divan,VIT,2022-12-03,2026-12-02,zeeshanray@vit.in,1460 days,Mamooty,Divan,True
Mamooty Suresh,VIT,2023-09-08,2027-09-07,ahana-81@vit.in,1460 days,Mamooty,Suresh,True
Manikya Bajaj,VIT,2023-08-06,2027-08-05,zgandhi@vit.in,1460 days,Manikya,Bajaj,True
Mannat Aggarwal,VIT,2023-09-06,2027-09-05,dhanukdas@vit.in,1460 days,Mannat,Aggarwal,True
Mehul Chawla,VIT,2023-11-29,2027-11-28,pgola@vit.in,1460 days,Mehul,Chawla,True
Mehul Ghose,VIT,2023-06-20,2027-06-19,sarmahansh@vit.in,1460 days,Mehul,Ghose,True
Mehul Sengupta,VIT,2023-05-12,2027-05-11,adahbhatia@vit.in,1460 days,Mehul,Sengupta,True
Miraan Sawhney,VIT,2023-03-18,2027-03-17,cshere@vit.in,1460 days,Miraan,Sawhney,True
Miraya Barad,VIT,2023-09-16,2027-09-15,abram49@vit.in,1460 days,Miraya,Barad,True
Miraya Doshi,VIT,2023-01-31,2027-01-30,riyadhingra@vit.in,1460 days,Miraya,Doshi,True
Miraya Kaul,VIT,2023-04-21,2027-04-20,adahrout@vit.in,1460 days,Miraya,Kaul,True
Misha Bedi,VIT,2023-07-28,2027-07-27,azadkeer@vit.in,1460 days,Misha,Bedi,True
Misha Sehgal,VIT,2023-11-20,2027-11-19,kamdarfarhan@vit.in,1460 days,Misha,Sehgal,True
Misha Sharma,VIT,2023-09-18,2027-09-17,klalla@vit.in,1460 days,Misha,Sharma,True
Misha Talwar,VIT,2023-09-05,2027-09-04,mishabains@vit.in,1460 days,Misha,Talwar,True
Mishti Sarna,VIT,2023-08-17,2027-08-16,gatik23@vit.in,1460 days,Mishti,Sarna,True
Myra Andra,VIT,2023-08-09,2027-08-08,abalasubramanian@vit.in,1460 days,Myra,Andra,True
Nakul Iyengar,VIT,2023-06-12,2027-06-11,deshpandeabram@vit.in,1460 days,Nakul,Iyengar,True
Navya Acharya,VIT,2022-12-25,2026-12-24,danand@vit.in,1460 days,Navya,Acharya,True
Navya Chakraborty,VIT,2023-01-28,2027-01-27,shaandara@vit.in,1460 days,Navya,Chakraborty,True
Navya Dugar,VIT,2022-12-18,2026-12-17,akarsh45@vit.in,1460 days,Navya,Dugar,True
Nayantara Sibal,VIT,2023-05-29,2027-05-28,shraykeer@vit.in,1460 days,Nayantara,Sibal,True
Nirvaan Johal,VIT,2023-11-11,2027-11-10,faiyaz90@vit.in,1460 days,Nirvaan,Johal,True
Nirvaan Khare,VIT,2023-08-03,2027-08-02,khannadrishya@vit.in,1460 days,Nirvaan,Khare,True
Nishith Banerjee,VIT,2023-06-25,2027-06-24,mangatfateh@vit.in,1460 days,Nishith,Banerjee,True
Nishith Dhillon,VIT,2023-08-02,2027-08-01,arhaan88@vit.in,1460 days,Nishith,Dhillon,True
Nitara Vyas,VIT,2023-08-06,2027-08-05,chawlaazad@vit.in,1460 days,Nitara,Vyas,True
Nitya Sastry,VIT,2023-10-10,2027-10-09,qdugal@vit.in,1460 days,Nitya,Sastry,True
Nitya Tiwari,VIT,2023-11-04,2027-11-03,neelofarbansal@vit.in,1460 days,Nitya,Tiwari,True
Onkar Bhavsar,VIT,2023-03-27,2027-03-26,ujhaveri@vit.in,1460 days,Onkar,Bhavsar,True
Onkar Ghose,VIT,2023-05-06,2027-05-05,trisha19@vit.in,1460 days,Onkar,Ghose,True
Oorja Tak,VIT,2023-06-08,2027-06-07,amira86@vit.in,1460 days,Oorja,Tak,True
Pari Kadakia,VIT,2023-06-04,2027-06-03,alia95@vit.in,1460 days,Pari,Kadakia,True
Parinaaz Dugar,VIT,2023-06-28,2027-06-27,fatehjohal@vit.in,1460 days,Parinaaz,Dugar,True
Pihu Cheema,VIT,2023-10-28,2027-10-27,cheemaaaina@vit.in,1460 days,Pihu,Cheema,True
Pihu Desai,VIT,2023-02-28,2027-02-27,rohan58@vit.in,1460 days,Pihu,Desai,True
Pihu Doctor,VIT,2023-02-08,2027-02-07,lakshay27@vit.in,1460 days,Pihu,Doctor,True
Pihu Sura,VIT,2022-12-21,2026-12-20,aaryahithakur@vit.in,1460 days,Pihu,Sura,True
Piya Chahal,VIT,2023-02-17,2027-02-16,navyasridhar@vit.in,1460 days,Piya,Chahal,True
Pranay Dixit,VIT,2023-01-22,2027-01-21,kimayamandal@vit.in,1460 days,Pranay,Dixit,True
Prerak Grewal,VIT,2023-11-15,2027-11-14,wmani@vit.in,1460 days,Prerak,Grewal,True
Prerak Karan,VIT,2023-04-09,2027-04-08,vanya33@vit.in,1460 days,Prerak,Karan,True
Prisha Bala,VIT,2023-04-19,2027-04-18,bloke@vit.in,1460 days,Prisha,Bala,True
Prisha Kohli,VIT,2023-11-10,2027-11-09,waliyakshit@vit.in,1460 days,Prisha,Kohli,True
Prisha Koshy,VIT,2023-10-28,2027-10-27,xbawa@vit.in,1460 days,Prisha,Koshy,True
Prisha Shan,VIT,2023-09-19,2027-09-18,mammenvedika@vit.in,1460 days,Prisha,Shan,True
Priyansh Varma,VIT,2023-09-04,2027-09-03,divyanshdeshpande@vit.in,1460 days,Priyansh,Varma,True
Raghav Atwal,VIT,2023-01-23,2027-01-22,aniruddh38@vit.in,1460 days,Raghav,Atwal,True
Raghav Bahl,VIT,2023-07-11,2027-07-10,ahana-kibe@vit.in,1460 days,Raghav,Bahl,True
Raghav Chada,VIT,2023-01-27,2027-01-26,kimayabrar@vit.in,1460 days,Raghav,Chada,True
Raghav Chakrabarti,VIT,2023-10-17,2027-10-16,routmisha@vit.in,1460 days,Raghav,Chakrabarti,True
Raghav Loyal,VIT,2023-04-08,2027-04-07,mamooty24@vit.in,1460 days,Raghav,Loyal,True
Rania Date,VIT,2023-03-29,2027-03-28,frout@vit.in,1460 days,Rania,Date,True
Rati Maharaj,VIT,2023-06-03,2027-06-02,nehmat80@vit.in,1460 days,Rati,Maharaj,True
Raunak Tandon,VIT,2023-08-04,2027-08-03,saksham44@vit.in,1460 days,Raunak,Tandon,True
Renee Arya,VIT,2023-11-21,2027-11-20,bandiela@vit.in,1460 days,Renee,Arya,True
Reyansh DAlia,VIT,2022-12-02,2026-12-01,jayant50@vit.in,1460 days,Reyansh,DAlia,True
Reyansh Grover,VIT,2023-06-08,2027-06-07,sandalneelofar@vit.in,1460 days,Reyansh,Grover,True
Riaan Srivastava,VIT,2023-11-15,2027-11-14,surzain@vit.in,1460 days,Riaan,Srivastava,True
Ritvik Ahuja,VIT,2023-08-17,2027-08-16,taimurkhalsa@vit.in,1460 days,Ritvik,Ahuja,True
Ritvik Basak,VIT,2022-12-08,2026-12-07,rwali@vit.in,1460 days,Ritvik,Basak,True
Ritvik Ghosh,VIT,2023-08-24,2027-08-23,karajiya@vit.in,1460 days,Ritvik,Ghosh,True
Ritvik Sane,VIT,2023-07-22,2027-07-21,korpaltarini@vit.in,1460 days,Ritvik,Sane,True
Riya Sathe,VIT,2023-10-05,2027-10-04,zrout@vit.in,1460 days,Riya,Sathe,True
Romil Chhabra,VIT,2023-08-20,2027-08-19,indranschandran@vit.in,1460 days,Romil,Chhabra,True
Romil Loyal,VIT,2023-04-03,2027-04-02,advikchoudhry@vit.in,1460 days,Romil,Loyal,True
Ryan Handa,VIT,2023-04-10,2027-04-09,prerak54@vit.in,1460 days,Ryan,Handa,True
Saanvi Aurora,VIT,2023-05-09,2027-05-08,birkismat@vit.in,1460 days,Saanvi,Aurora,True
Saanvi Batta,VIT,2023-07-15,2027-07-14,hansh46@vit.in,1460 days,Saanvi,Batta,True
Saanvi Mangat,VIT,2023-10-02,2027-10-01,chadhaishaan@vit.in,1460 days,Saanvi,Mangat,True
Sahil Chopra,VIT,2023-11-07,2027-11-06,chawlaarmaan@vit.in,1460 days,Sahil,Chopra,True
Saksham Boase,VIT,2023-05-05,2027-05-04,elakshikale@vit.in,1460 days,Saksham,Boase,True
Saksham Dey,VIT,2023-03-05,2027-03-04,khushi57@vit.in,1460 days,Saksham,Dey,True
Samaira Ganesh,VIT,2023-10-09,2027-10-08,acharyaaarna@vit.in,1460 days,Samaira,Ganesh,True
Samarth Shanker,VIT,2023-04-17,2027-04-16,rtella@vit.in,1460 days,Samarth,Shanker,True
Samiha Kade,VIT,2023-07-30,2027-07-29,anay53@vit.in,1460 days,Samiha,Kade,True
Samiha Kashyap,VIT,2023-10-19,2027-10-18,rsem@vit.in,1460 days,Samiha,Kashyap,True
Samiha Sanghvi,VIT,2023-01-10,2027-01-09,lagansaini@vit.in,1460 days,Samiha,Sanghvi,True
Sana Suri,VIT,2022-12-24,2026-12-23,rohansodhi@vit.in,1460 days,Sana,Suri,True
Sara Chander,VIT,2022-12-13,2026-12-12,jayan00@vit.in,1460 days,Sara,Chander,True
Sara Chawla,VIT,2023-07-19,2027-07-18,tarini47@vit.in,1460 days,Sara,Chawla,True
Seher Dixit,VIT,2023-05-24,2027-05-23,babudiya@vit.in,1460 days,Seher,Dixit,True
Seher Kadakia,VIT,2023-05-05,2027-05-04,shahnayantara@vit.in,1460 days,Seher,Kadakia,True
Shaan Raju,VIT,2023-09-09,2027-09-08,ritvikbarad@vit.in,1460 days,Shaan,Raju,True
Shaan Singh,VIT,2023-10-19,2027-10-18,purab09@vit.in,1460 days,Shaan,Singh,True
Shaan Srivastava,VIT,2022-12-19,2026-12-18,ambleaniruddh@vit.in,1460 days,Shaan,Srivastava,True
Shalv Khatri,VIT,2023-10-26,2027-10-25,btiwari@vit.in,1460 days,Shalv,Khatri,True
Shalv Lata,VIT,2023-02-01,2027-01-31,malhotraaarna@vit.in,1460 days,Shalv,Lata,True
Shamik Bobal,VIT,2023-07-15,2027-07-14,emir44@vit.in,1460 days,Shamik,Bobal,True
Shamik Sagar,VIT,2023-01-17,2027-01-16,diya14@vit.in,1460 days,Shamik,Sagar,True
Shamik Sen,VIT,2023-05-07,2027-05-06,purabbumb@vit.in,1460 days,Shamik,Sen,True
Shanaya Swamy,VIT,2023-02-05,2027-02-04,jvarty@vit.in,1460 days,Shanaya,Swamy,True
Shayak Amble,VIT,2023-11-17,2027-11-16,ubhatt@vit.in,1460 days,Shayak,Amble,True
Shayak Sankaran,VIT,2023-11-10,2027-11-09,aaryahi12@vit.in,1460 days,Shayak,Sankaran,True
Shlok Grewal,VIT,2023-05-31,2027-05-30,aayushvora@vit.in,1460 days,Shlok,Grewal,True
Shray Dugar,VIT,2023-04-21,2027-04-20,tarinikhatri@vit.in,1460 days,Shray,Dugar,True
Shray Sandal,VIT,2023-02-09,2027-02-08,gargkrish@vit.in,1460 days,Shray,Sandal,True
Siya Dua,VIT,2023-04-02,2027-04-01,saira40@vit.in,1460 days,Siya,Dua,True
Stuvan Andra,VIT,2023-04-13,2027-04-12,shalv99@vit.in,1460 days,Stuvan,Andra,True
Stuvan Hayer,VIT,2023-04-08,2027-04-07,oviswanathan@vit.in,1460 days,Stuvan,Hayer,True
Suhana Wable,VIT,2023-09-05,2027-09-04,soodsamaira@vit.in,1460 days,Suhana,Wable,True
Sumer Kunda,VIT,2023-06-03,2027-06-02,damini36@vit.in,1460 days,Sumer,Kunda,True
Sumer Sule,VIT,2023-04-09,2027-04-08,rlad@vit.in,1460 days,Sumer,Sule,True
Taimur Ramesh,VIT,2023-09-23,2027-09-22,pravel@vit.in,1460 days,Taimur,Ramesh,True
Tara Rastogi,VIT,2023-01-05,2027-01-04,nsrinivasan@vit.in,1460 days,Tara,Rastogi,True
Tara Thaker,VIT,2023-03-05,2027-03-04,choudhrykiaan@vit.in,1460 days,Tara,Thaker,True
Taran Dhar,VIT,2023-07-01,2027-06-30,vivaan42@vit.in,1460 days,Taran,Dhar,True
Tarini Kashyap,VIT,2023-06-13,2027-06-12,tgoswami@vit.in,1460 days,Tarini,Kashyap,True
Tarini Lanka,VIT,2023-04-01,2027-03-31,agandhi@vit.in,1460 days,Tarini,Lanka,True
Tarini Sani,VIT,2023-05-09,2027-05-08,veer01@vit.in,1460 days,Tarini,Sani,True
Tiya Bobal,VIT,2023-05-25,2027-05-24,dattariya@vit.in,1460 days,Tiya,Bobal,True
Trisha Konda,VIT,2022-12-24,2026-12-23,hunar82@vit.in,1460 days,Trisha,Konda,True
Tushar Anne,VIT,2023-03-18,2027-03-17,lagan61@vit.in,1460 days,Tushar,Anne,True
Tushar Ganesh,VIT,2023-01-25,2027-01-24,aradhya08@vit.in,1460 days,Tushar,Ganesh,True
Umang Keer,VIT,2023-05-31,2027-05-30,shazara@vit.in,1460 days,Umang,Keer,True
Umang Talwar,VIT,2023-04-11,2027-04-10,vidur09@vit.in,1460 days,Umang,Talwar,True
Urvi Sahota,VIT,2023-10-31,2027-10-30,bhattchirag@vit.in,1460 days,Urvi,Sahota,True
Vedika Kari,VIT,2022-12-23,2026-12-22,dganesh@vit.in,1460 days,Vedika,Kari,True
Vedika Shah,VIT,2023-03-08,2027-03-07,waliamisha@vit.in,1460 days,Vedika,Shah,True
Veer Ahuja,VIT,2023-09-30,2027-09-29,vyaskismat@vit.in,1460 days,Veer,Ahuja,True
Veer Dash,VIT,2023-09-19,2027-09-18,devanarhaan@vit.in,1460 days,Veer,Dash,True
Veer Tella,VIT,2023-06-24,2027-06-23,bhavinsoni@vit.in,1460 days,Veer,Tella,True
Vidur Varughese,VIT,2022-12-16,2026-12-15,uthkarsh41@vit.in,1460 days,Vidur,Varughese,True
Vihaan Khatri,VIT,2023-02-02,2027-02-01,aniruddh81@vit.in,1460 days,Vihaan,Khatri,True
Vihaan Mangal,VIT,2023-02-19,2027-02-18,ukata@vit.in,1460 days,Vihaan,Mangal,True
Vihaan Tak,VIT,2023-08-24,2027-08-23,dasaarna@vit.in,1460 days,Vihaan,Tak,True
Vivaan Brahmbhatt,VIT,2023-07-01,2027-06-30,shamikahluwalia@vit.in,1460 days,Vivaan,Brahmbhatt,True
Vivaan Hans,VIT,2023-09-19,2027-09-18,kareshani@vit.in,1460 days,Vivaan,Hans,True
Vivaan Singh,VIT,2023-01-05,2027-01-04,semanvi@vit.in,1460 days,Vivaan,Singh,True
Vritika Chaudhari,VIT,2023-03-17,2027-03-16,rati60@vit.in,1460 days,Vritika,Chaudhari,True
Vritika Dhar,VIT,2023-08-10,2027-08-09,raniakrishna@vit.in,1460 days,Vritika,Dhar,True
Yakshit Gole,VIT,2023-07-10,2027-07-09,bumbkiara@vit.in,1460 days,Yakshit,Gole,True
Yakshit Loyal,VIT,2023-04-09,2027-04-08,jivikabajwa@vit.in,1460 days,Yakshit,Loyal,True
Yakshit Rajan,VIT,2023-10-17,2027-10-16,jivika43@vit.in,1460 days,Yakshit,Rajan,True
Yuvaan Chaudry,VIT,2023-04-07,2027-04-06,ndeshpande@vit.in,1460 days,Yuvaan,Chaudry,True
Yuvaan Dalal,VIT,2023-10-05,2027-10-04,wadhwaprerak@vit.in,1460 days,Yuvaan,Dalal,True
Yuvraj  Sunder,VIT,2023-10-09,2027-10-08,zainabhardwaj@vit.in,1460 days,Yuvraj,Sunder,True
Zain Ram,VIT,2023-08-26,2027-08-25,ayesha86@vit.in,1460 days,Zain,Ram,True
Zara Bali,VIT,2023-10-01,2027-09-30,zwable@vit.in,1460 days,Zara,Bali,True
Zara Gupta,VIT,2023-07-06,2027-07-05,hiran37@vit.in,1460 days,Zara,Gupta,True
Zara Saxena,VIT,2023-09-16,2027-09-15,vshankar@vit.in,1460 days,Zara,Saxena,True
Zeeshan Sridhar,VIT,2023-08-24,2027-08-23,saanvi68@vit.in,1460 days,Zeeshan,Sridhar,True
Zoya Chhabra,VIT,2023-02-23,2027-02-22,sehgaldarshit@vit.in,1460 days,Zoya,Chhabra,True
Zoya Madan,VIT,2023-11-08,2027-11-07,bhardwajkrish@vit.in,1460 days,Zoya,Madan,True
